CREATE DATABASE  IF NOT EXISTS `whisperme` /*!40100 DEFAULT CHARACTER SET utf8mb4 COLLATE utf8mb4_0900_ai_ci */ /*!80016 DEFAULT ENCRYPTION='N' */;
USE `whisperme`;
-- MySQL dump 10.13  Distrib 8.0.46, for Win64 (x86_64)
--
-- Host: localhost    Database: whisperme
-- ------------------------------------------------------
-- Server version	8.0.46

/*!40101 SET @OLD_CHARACTER_SET_CLIENT=@@CHARACTER_SET_CLIENT */;
/*!40101 SET @OLD_CHARACTER_SET_RESULTS=@@CHARACTER_SET_RESULTS */;
/*!40101 SET @OLD_COLLATION_CONNECTION=@@COLLATION_CONNECTION */;
/*!50503 SET NAMES utf8 */;
/*!40103 SET @OLD_TIME_ZONE=@@TIME_ZONE */;
/*!40103 SET TIME_ZONE='+00:00' */;
/*!40014 SET @OLD_UNIQUE_CHECKS=@@UNIQUE_CHECKS, UNIQUE_CHECKS=0 */;
/*!40014 SET @OLD_FOREIGN_KEY_CHECKS=@@FOREIGN_KEY_CHECKS, FOREIGN_KEY_CHECKS=0 */;
/*!40101 SET @OLD_SQL_MODE=@@SQL_MODE, SQL_MODE='NO_AUTO_VALUE_ON_ZERO' */;
/*!40111 SET @OLD_SQL_NOTES=@@SQL_NOTES, SQL_NOTES=0 */;

--
-- Table structure for table `chat_history`
--

DROP TABLE IF EXISTS `chat_history`;
/*!40101 SET @saved_cs_client     = @@character_set_client */;
/*!50503 SET character_set_client = utf8mb4 */;
CREATE TABLE `chat_history` (
  `id` bigint NOT NULL AUTO_INCREMENT,
  `member_id` bigint DEFAULT NULL,
  `user_message` text CHARACTER SET utf8mb4 COLLATE utf8mb4_unicode_ci,
  `ai_message` text CHARACTER SET utf8mb4 COLLATE utf8mb4_unicode_ci,
  `created_at` datetime DEFAULT CURRENT_TIMESTAMP,
  `room_id` bigint DEFAULT NULL,
  PRIMARY KEY (`id`)
) ENGINE=InnoDB AUTO_INCREMENT=18 DEFAULT CHARSET=utf8mb4 COLLATE=utf8mb4_unicode_ci;
/*!40101 SET character_set_client = @saved_cs_client */;

--
-- Dumping data for table `chat_history`
--

LOCK TABLES `chat_history` WRITE;
/*!40000 ALTER TABLE `chat_history` DISABLE KEYS */;
INSERT INTO `chat_history` VALUES (2,1,'안녕','안녕하세요','2026-06-11 15:08:16',1),(3,1,'나는 요즘 스트레스가 많아','스트레스가 많으시다니 많이 힘드실 것 같아요. 혹시 스트레스의 원인이 무엇인지 알고 계신가요? 그리고 주로 어떻게 스트레스를 해소하시나요? 도움이 될 수 있는 방법들을 함께 찾아볼 수 있어요.','2026-06-12 07:33:20',1),(4,1,'개발자준비중인데 정보처리기사 실기가 어렵네 나름 프로젝트는 잘되가는데 그래도 면접이 문제네 나는 AI도움을 받고 했는데 면접에서 어떤질문을할지..','정보처리기사 실기 준비하시느라 고생 많으시네요! 프로젝트도 잘 되고 계시다니 멋집니다. 면접에서 주로 나올 수 있는 질문들이 어떤 것인지 미리 준비하면 훨씬 도움이 될 거예요. 몇 가지 예상 질문과 답변 팁을 드릴게요.\n\n1. **프로젝트 관련 질문**\n   - 이번 프로젝트에서 맡은 역할은 무엇인가요?\n   - 프로젝트에서 가장 어려웠던 점과 해결 방법은?\n   - AI 도움을 받으셨다고 했는데, 구체적으로 어떤 부분을 활용했나요?\n   - 프로젝트 결과를 어떻게 평가하나요? 성과가 있나요?\n\n2. **기술 관련 질문**\n   - 자바/파이썬/SQL 등 주요 언어 및 도구 사용 경험에 대해 설명해주세요.\n   - 정보처리기사 이론 중 가장 자신 있는 부분과 어려운 부분은?\n   - 데이터베이스 설계 경험이 있나요? 정규화란 무엇인가요?\n   - 버전 관리 도구(Git 등)를 사용해본 경험이 있나요?\n\n3. **개인 역량 및 태도**\n   - 팀워크에서 중요하다고 생각하는 것은?\n   - 문제 해결을 위해 스스로 공부했던 사례가 있나요?\n   - 새로운 기술을 배울 때 주로 어떻게 접근하시나요?\n\n4. **AI 도움 관련 질문**\n   - AI를 활용할 때 주의해야 할 점은 무엇이라고 생각하나요?\n   - AI가 만든 코드나 결과물을 검증하는 방법은?\n\n면접 준비 팁:\n- 자신의 경험을 구체적인 사례 중심으로 이야기하세요.\n- 답변이 부족할 땐 솔직하게 모르겠다고 하고, 배우고자 하는 태도를 보여주세요.\n- 평소에 프로젝트나 공부했던 내용을 다시 한번 정리하는 시간을 가지세요.\n\n추가로 원하시면 모의 면접 질문도 준비해드릴 수 있습니다. 언제든 요청해주세요!','2026-06-12 21:03:20',1),(5,1,'이제되나?','네, 이제 잘 됩니다! 무엇을 도와드릴까요?','2026-06-15 05:37:14',NULL),(6,1,'오늘포로젝트 마무리되겠지?','오늘 프로젝트 마무리 꼭 잘 되길 바래요! 진행 상황이 어떤지 조금 더 알려줄 수 있나요? 도움이 필요하면 언제든 말해줘요.','2026-06-15 05:37:26',NULL),(7,2,'반가워','반가워요! 어떻게 도와드릴까요?','2026-06-15 10:36:54',NULL),(8,2,'월드컵 누가우승할거같아?','월드컵 우승팀 예측은 정말 쉽지 않지만, 전통적으로 축구 강국인 브라질, 독일, 프랑스, 아르헨티나, 이탈리아 같은 팀들이 항상 우승 후보로 꼽혀요. 최근 경기력과 선수 구성에 따라서도 달라지니까, 이번 대회에서는 어떤 팀이 좋은 모습을 보일지 지켜보는 재미가 클 것 같아요! 혹시 응원하는 팀이나 선수가 있나요?','2026-06-15 10:37:13',NULL),(9,1,'이그림에 대해서 어떻게 생각해?','이그림에 대해 좀 더 구체적으로 말씀해주실 수 있을까요? 인물, 작품, 혹은 다른 무엇인지 알려주시면 더 정확하게 답변드릴 수 있어요!','2026-06-16 17:45:12',NULL),(10,1,'이그림에 대해어떻게생각해','어떤 이그림을 말씀하시는지 조금 더 구체적으로 알려주실 수 있을까요? 인물, 작품, 혹은 특정 스타일에 대해 이야기하시는 건가요? 자세히 알려주시면 더 잘 답변해 드릴게요!','2026-06-16 17:45:30',NULL),(11,1,'이거뭔지 알아?','무엇을 말씀하시는지 구체적으로 알려주시면 더 잘 도와드릴 수 있을 것 같아요. 사진이나 자세한 설명을 주실 수 있나요?','2026-06-16 17:52:11',NULL),(12,1,'분석해줘','어떤 내용을 분석해 드릴까요? 문서, 데이터, 글, 혹은 다른 자료가 있다면 알려주세요.','2026-06-16 19:37:40',NULL),(13,2,'한국은 어떻게 생각해?','한국은 역사와 문화, 기술 발전이 모두 뛰어난 나라라고 생각해요. 전통과 현대가 조화롭게 어우러져 있고, 한국인의 따뜻한 정과 끈기도 인상적이죠. 혹시 한국의 어떤 부분에 대해 더 알고 싶으신가요?','2026-06-16 21:17:52',NULL),(14,5,'내일 날씨 어때? 경남','경남 지역 내일 날씨를 알려드릴게요. \n\n내일 경남은 대체로 맑겠고, 낮 기온은 약 18도에서 22도 사이로 쾌적할 전망입니다. 바람은 약간 불겠고, 강수 확률은 낮아 비 걱정은 없어요. \n\n외출하실 때 참고하세요!','2026-06-16 21:47:27',NULL),(15,5,'ㄹㅇㄴㅁ','안녕하세요! 무언가 궁금한 점이나 도움이 필요하신가요? 언제든지 말씀해 주세요!','2026-06-16 22:20:05',NULL),(16,2,'오늘 월드컵 경기 결과알려줘ㅏ','오늘 월드컵 경기 결과를 알려드릴게요. 어느 경기 결과가 궁금하신가요? 특정 팀이나 경기 시간이 있으면 말씀해 주세요!','2026-06-17 20:38:16',NULL),(17,2,'알제리와 아르헨티나','알제리와 아르헨티나는 각각 아프리카와 남아메리카에 위치한 국가입니다.\n\n- 알제리: 북아프리카에 위치한 나라로, 지중해와 접해 있으며 사하라 사막 일부를 포함하고 있습니다. 수도는 알제리 시티이며, 주로 아랍어와 베르베르어를 사용하고 프랑스어도 널리 이용됩니다. 풍부한 석유와 천연가스 자원을 가지고 있어 경제에 큰 비중을 차지합니다.\n\n- 아르헨티나: 남아메리카 남부에 위치한 나라로, 수도는 부에노스아이레스입니다. 스페인어를 공용어로 사용하며, 광활한 팜파스 평원과 안데스 산맥, 대서양 해안선 등을 갖추고 있어 다양한 자연환경이 특징입니다. 농업, 축산업 및 와인 산업이 발달해 있으며 축구도 매우 인기 있는 스포츠입니다.\n\n두 나라에 대해 더 궁금한 점이나 특정 주제가 있다면 알려주세요!','2026-06-17 20:38:34',NULL);
/*!40000 ALTER TABLE `chat_history` ENABLE KEYS */;
UNLOCK TABLES;

--
-- Table structure for table `chat_message`
--

DROP TABLE IF EXISTS `chat_message`;
/*!40101 SET @saved_cs_client     = @@character_set_client */;
/*!50503 SET character_set_client = utf8mb4 */;
CREATE TABLE `chat_message` (
  `id` bigint NOT NULL AUTO_INCREMENT,
  `room_id` bigint NOT NULL,
  `role` varchar(20) CHARACTER SET utf8mb4 COLLATE utf8mb4_unicode_ci NOT NULL,
  `content` text CHARACTER SET utf8mb4 COLLATE utf8mb4_unicode_ci NOT NULL,
  `created_at` datetime DEFAULT CURRENT_TIMESTAMP,
  `deleted_yn` char(1) CHARACTER SET utf8mb4 COLLATE utf8mb4_unicode_ci DEFAULT 'N',
  `message_type` varchar(20) CHARACTER SET utf8mb4 COLLATE utf8mb4_unicode_ci DEFAULT 'TEXT',
  `file_name` varchar(255) CHARACTER SET utf8mb4 COLLATE utf8mb4_unicode_ci DEFAULT NULL,
  `file_url` varchar(500) CHARACTER SET utf8mb4 COLLATE utf8mb4_unicode_ci DEFAULT NULL,
  PRIMARY KEY (`id`)
) ENGINE=InnoDB AUTO_INCREMENT=162 DEFAULT CHARSET=utf8mb4 COLLATE=utf8mb4_unicode_ci;
/*!40101 SET character_set_client = @saved_cs_client */;

--
-- Dumping data for table `chat_message`
--

LOCK TABLES `chat_message` WRITE;
/*!40000 ALTER TABLE `chat_message` DISABLE KEYS */;
INSERT INTO `chat_message` VALUES (1,1,'USER','안녕','2026-06-13 08:15:38','N','TEXT',NULL,NULL),(2,1,'ASSISTANT','안녕하세요','2026-06-13 08:15:47','N','TEXT',NULL,NULL),(3,1,'USER','안녕','2026-06-13 08:23:33','N','TEXT',NULL,NULL),(4,1,'ASSISTANT','안녕하세요! 무엇을 도와드릴까요?','2026-06-13 08:23:35','N','TEXT',NULL,NULL),(5,1,'USER','내일은 뭐 하지','2026-06-13 08:46:14','N','TEXT',NULL,NULL),(6,1,'ASSISTANT','내일 특별한 계획이 없으시다면, 좋아하는 취미를 하거나 산책을 하며 기분 전환을 해보시는 건 어떨까요? 아니면 관심 있는 책을 읽거나 영화를 보는 것도 좋고요. 어떤 걸 좋아하시나요? 제가 추천을 도와드릴게요!','2026-06-13 08:46:17','N','TEXT',NULL,NULL),(7,1,'USER','오늘 마무리되겠지 프로젝트?','2026-06-15 05:26:01','N','TEXT',NULL,NULL),(8,1,'ASSISTANT','현재는 저장 테스트 응답이에요. GPT 연결은 다음 단계에서 붙이면 됩니다.','2026-06-15 05:26:01','N','TEXT',NULL,NULL),(9,1,'USER','오늘마무리?','2026-06-15 05:29:42','N','TEXT',NULL,NULL),(10,1,'ASSISTANT','현재는 저장 테스트 응답이에요. GPT 연결은 다음 단계에서 붙이면 됩니다.','2026-06-15 05:29:42','N','TEXT',NULL,NULL),(11,1,'USER','이제되나?','2026-06-15 05:37:12','N','TEXT',NULL,NULL),(12,1,'ASSISTANT','네, 이제 잘 됩니다! 무엇을 도와드릴까요?','2026-06-15 05:37:14','N','TEXT',NULL,NULL),(13,1,'USER','오늘포로젝트 마무리되겠지?','2026-06-15 05:37:24','N','TEXT',NULL,NULL),(14,1,'ASSISTANT','오늘 프로젝트 마무리 꼭 잘 되길 바래요! 진행 상황이 어떤지 조금 더 알려줄 수 있나요? 도움이 필요하면 언제든 말해줘요.','2026-06-15 05:37:26','N','TEXT',NULL,NULL),(15,6,'USER','반가워','2026-06-15 10:36:51','Y','TEXT',NULL,NULL),(16,6,'ASSISTANT','반가워요! 어떻게 도와드릴까요?','2026-06-15 10:36:54','Y','TEXT',NULL,NULL),(17,6,'USER','월드컵 누가우승할거같아?','2026-06-15 10:37:11','Y','TEXT',NULL,NULL),(18,6,'ASSISTANT','월드컵 우승팀 예측은 정말 쉽지 않지만, 전통적으로 축구 강국인 브라질, 독일, 프랑스, 아르헨티나, 이탈리아 같은 팀들이 항상 우승 후보로 꼽혀요. 최근 경기력과 선수 구성에 따라서도 달라지니까, 이번 대회에서는 어떤 팀이 좋은 모습을 보일지 지켜보는 재미가 클 것 같아요! 혹시 응원하는 팀이나 선수가 있나요?','2026-06-15 10:37:13','Y','TEXT',NULL,NULL),(19,1,'USER','이미지를 보냈습니다.','2026-06-16 17:33:49','N','TEXT',NULL,NULL),(20,1,'USER','이미지를 보냈습니다.','2026-06-16 17:34:17','N','TEXT',NULL,NULL),(21,5,'USER','이그림에 대해서 어떻게 생각해?','2026-06-16 17:45:10','N','TEXT',NULL,NULL),(22,5,'ASSISTANT','이그림에 대해 좀 더 구체적으로 말씀해주실 수 있을까요? 인물, 작품, 혹은 다른 무엇인지 알려주시면 더 정확하게 답변드릴 수 있어요!','2026-06-16 17:45:13','N','TEXT',NULL,NULL),(23,5,'USER','이미지를 보냈습니다.','2026-06-16 17:45:21','N','TEXT',NULL,NULL),(24,5,'USER','이그림에 대해어떻게생각해','2026-06-16 17:45:29','N','TEXT',NULL,NULL),(25,5,'ASSISTANT','어떤 이그림을 말씀하시는지 조금 더 구체적으로 알려주실 수 있을까요? 인물, 작품, 혹은 특정 스타일에 대해 이야기하시는 건가요? 자세히 알려주시면 더 잘 답변해 드릴게요!','2026-06-16 17:45:30','N','TEXT',NULL,NULL),(26,5,'USER','이거뭔지 알아?','2026-06-16 17:52:09','N','IMAGE','hotwheels-5kits.png.png','/uploads/089ae011-73ca-440c-bdc9-631324437a4d_hotwheels-5kits.png.png'),(27,5,'ASSISTANT','무엇을 말씀하시는지 구체적으로 알려주시면 더 잘 도와드릴 수 있을 것 같아요. 사진이나 자세한 설명을 주실 수 있나요?','2026-06-16 17:52:11','N','TEXT',NULL,NULL),(28,5,'USER','이거뭔지알아?','2026-06-16 18:23:36','N','IMAGE','onepiece-chopa1.png.png','/uploads/caaa6c8a-161b-4333-9111-0a92afa8f44d_onepiece-chopa1.png.png'),(29,5,'ASSISTANT','네, 이 이미지는 일본 만화 및 애니메이션 \'원피스\'(ONE PIECE)와 관련된 제품 광고입니다. 화면 중앙에 있는 캐릭터는 원피스의 캐릭터인 쵸파(Chopper)이고, 그가 조종하는 무장 로봇 같은 기계 장치가 그려져 있어요.\n\n이미지 아래에는 \"CHOPPER ROBO SUPER 1 GUARD FORTRESS\"라고 영어로 적혀 있고, 일본어로는 \"チョッパーロボスーパー1号 ガードフォートレス\"라고 적혀 있습니다. 이 표현은 \'쵸파 로보 슈퍼 1호 가드 포트리스\'로 번역할 수 있습니다. 즉, 쵸파 캐릭터가 조종하는 \'가드 포트리스\'라는 이름의 무장 방어 기계라는 뜻이에요.\n\n우측에 적힌 일본어 문구는 \"毛皮強化をベースに開発された拠点防衛マシン！\"로, \"모피 강화(쵸파의 특징)를 기반으로 개발된 거점 방어용 기계!\"라는 의미입니다.\n\n즉, 이 이미지는 원피스의 캐릭터 쵸파와 관련된 방어용 로봇 완구나 피규어 제품의 패키지 또는 홍보 이미지로 보입니다. 제작사는 BANDAI(반다이)라는 일본의 유명 완구 회사입니다.','2026-06-16 18:23:41','N','TEXT',NULL,NULL),(30,5,'USER','사진 두개보여? 뭔지 맞춰봐','2026-06-16 18:49:18','N','IMAGE','onepiece-chopa1.png.png','/uploads/73840abd-1cdd-461f-9235-275678c58f80_onepiece-chopa1.png.png'),(31,5,'USER','사진 두개보여? 뭔지 맞춰봐','2026-06-16 18:49:18','N','IMAGE','hotwheels-5kits.png.png','/uploads/9651eaf4-693b-45f1-8be7-7a0ac9024634_hotwheels-5kits.png.png'),(32,5,'ASSISTANT','첫 번째 사진은 애니메이션 \'원피스(One Piece)\'의 캐릭터 \'토니토니 쵸파\'와 관련된 이미지입니다. 쵸파가 붉은 모자를 쓰고 있고, 로봇 형태의 기계 장치가 함께 그려져 있습니다. 이미지 왼쪽 상단에 \'원피스\' 로고가 보이고, 이미지 하단에는 일본어와 영어로 \"CHOPPER ROBO SUPER 1 GUARD FORTRESS\"라고 적혀 있습니다. 이는 쵸파의 로봇 슈퍼 1호, 즉 \'가드 포트리스\'라는 방어용 기계임을 나타냅니다. 이 로봇은 쵸파의 특성을 강화한 방어기계로 보입니다.\n\n두 번째 사진도 보여주시면 어떤 내용인지 상세히 설명해드리겠습니다!','2026-06-16 18:49:22','N','TEXT',NULL,NULL),(33,5,'ASSISTANT','첫 번째 사진은 핫휠(Hot Wheels) 브랜드의 \'Bladez Maker Kitz\' 제품 박스 이미지입니다. 이 제품은 어린이들이 직접 조립하고 만들 수 있는 자동차 키트로, 여러 개(5대)의 미니 자동차를 만들 수 있다는 점이 특징입니다. 박스에는 \"Make it! Race it!\", \"Challenge Accepted\", \"Street Racer Championship Set\" 등의 문구가 있으며, 5-12세 아이들을 대상으로 하고 있습니다. 자동차들이 레이싱 스타일로 디자인되어 있고, 당겨서 달리는 풀백 파워 기능도 있다고 표시되어 있습니다. \n\n두 번째 사진도 있으면 보여주세요!','2026-06-16 18:49:25','N','TEXT',NULL,NULL),(34,5,'USER','이미지를 보냈습니다.','2026-06-16 19:03:38','N','IMAGE','hotwheels-5kits.png.png','/uploads/d7560284-954e-4b71-8a94-a6564b9d4e0f_hotwheels-5kits.png.png'),(35,5,'USER','이미지를 보냈습니다.','2026-06-16 19:03:38','N','IMAGE','onepiece-chopa1.png.png','/uploads/ac56b6f9-084f-4490-b6f9-21897db6fca4_onepiece-chopa1.png.png'),(36,5,'USER','이게 뭔지알아?','2026-06-16 19:03:57','N','IMAGE','banner3.png.png','/uploads/449eefd9-36e3-4253-9689-0683a1788373_banner3.png.png'),(37,5,'USER','이미지를 보냈습니다.','2026-06-16 19:03:57','N','IMAGE','banner2.png.png','/uploads/89cdb1dd-2e30-40cd-9ff5-c73c75e4bf20_banner2.png.png'),(38,5,'USER','이미지를 보냈습니다.','2026-06-16 19:03:57','N','IMAGE','1231.png','/uploads/9516e5ae-b3e4-49b8-adf7-8e9eae830566_1231.png'),(39,5,'ASSISTANT','이 첫번째 사진은 어린이들을 위한 장난감을 테마로 한 광고 또는 포스터입니다. 가운데에 \'어린이들의 로망~!\'이라는 커다란 문구가 있고, 그 아래엔 \"꿈과 행복이 가득한 장난감 세상으로 초대합니다!\"라는 문구가 적혀 있어서 밝고 따뜻한 느낌을 줍니다.\n\n사진 왼쪽에는 빈티지 스타일의 로봇 장난감, 곰인형, 작은 인형 집이 있고, 오른쪽에는 흔들말(목마)과 세 명의 옛날 스타일 빈티지 인형들이 핑크, 파랑, 노랑 도트 원피스를 입고 나란히 앉아 있습니다. 오른쪽 맨 끝에는 색색의 블록과 기차 장난감, 색깔별로 쌓여진 링 장난감이 배치되어 있습니다.\n\n맨 아래 부분에는 각각의 장난감이 주는 효과나 가치를 설명하는 짧은 문구가 네 가지 아이콘과 함께 배열되어 있어서, 이 장난감들을 통해 다양한 즐거움과 창의력을 키울 수 있음을 강조합니다.\n\n만약 다음 사진들이 있다면, 아마도 이 사진과 비슷한 주제로 여러 다른 장난감이나 놀이 공간, 또는 아이들이 장난감을 가지고 노는 모습을 담고 있을 것 같은 느낌입니다. 이 사진은 전체 시리즈 중 장난감의 다양성과 추억, 창의성에 집중한 첫 인상이라고 할 수 있겠네요.','2026-06-16 19:04:06','N','TEXT',NULL,NULL),(40,5,'ASSISTANT','이 이미지는 여러 장 중 2번째 사진이라고 하셨는데요, 이 사진은 아마도 \'로봇 장난감\'이나 \'로봇 테마의 놀이세상\'을 홍보하는 일러스트 같아요. 여러 사진을 비교하듯 자연스럽게 설명드릴게요.\n\n1번째 사진과 비교했을 때, 이 2번째 사진은 보다 다채로운 로봇들과 장난감들이 더욱 몰입감 있게 배치된 느낌이에요. 로켓, 비행기, 자동차, 그리고 다양한 로봇 캐릭터들이 굉장히 생동감 있고 화려한 색감으로 그려져 있죠. 반면 1번째 사진이 더 단순한 구성이었다면, 2번째는 복잡하고 다채로운 즐길 거리를 한눈에 보여주는 느낌이에요.\n\n중앙에 ‘로봇가 최고야~!’라는 커다란 문구가 눈에 띄는데, ‘멋진 로봇 장난감의 세계로 초대합니다!’라는 문구까지 있어 보는 사람을 장난감 세상으로 빠져들게 합니다. 1번째 사진이 아마도 특정 캐릭터 중심이었다면, 2번째은 다양한 놀이 요소(게임기, 장난감, 로봇, 우주선 등)를 한꺼번에 보여주는 종합 세트 느낌이에요.\n\n좌우에는 각각 첨단 감성의 네온사인과 과거 추억의 레트로 로봇, 게임기 등이 조화를 이루며, ‘PLAY IMAGINE FUN!’과 같은 멋진 문구들이 더해져 오락적이고 환상적인 분위기를 연출합니다. 1번째 사진과 달리 더 넓은 세계관을 보여준다고 할 수 있죠.\n\n결론적으로, 이 2번째 이미지는 로봇을 테마로 한 다양한 장난감과 놀이문화를 총체적으로 보여주는 광고 혹은 홍보 일러스트로 보입니다. 화려하고 다채로운 비주얼로 보는 이의 상상력을 자극하며, 장난감 세계에 초대하는 느낌을 강하게 전달해요. 혹시 1번째 사진도 보여주시면 함께 비교하며 더 자세하게 설명드릴 수 있을 것 같아요!','2026-06-16 19:04:19','N','TEXT',NULL,NULL),(41,5,'ASSISTANT','이 3번째 사진은 첫 번째나 두 번째 사진과 비교했을 때, 전반적으로 장난감에 관한 다채롭고 생생한 이미지가 가득한 포스터 형식임을 알 수 있어요. \n\n특히 이 사진은 \"TOY-SHOP\"이라는 영어 타이틀과 함께 한글로는 \"신나는 장난감이 가득! 오라~!\"라는 매우 크게 적힌 문구가 중심을 잡고 있네요. 그 아래에는 \"꿈과 행복이 가득한 장난감 세상으로 초대합니다!\"라는 문구도 있어, 장난감 가게나 장난감을 테마로 한 이벤트 광고처럼 보입니다. \n\n첫 사진이 어떤 특정 장난감이나 소수의 제품을 집중해서 보여줬다면, 이 사진은 전전반적으로 여러 종류의 장난감들이 다채롭게 한 화면에 표시돼 있는 게 특징이에요. 예를 들어 해적선 모형, 복고풍 로봇, 명랑한 원숭이 뮤직 토이, 증기 기관차 모형, 빨간 스포츠카, 우주를 주제로 한 로켓과 UFO, 헬리콥터, 핀볼 게임기, 블록, 트럭, 드럼 등 다양한 장난감들이 몰려 있죠.\n\n마치 여러 종류의 장난감과 그에 얽힌 즐거움과 상상력을 모두 한꺼번에 담아내려는 것 같아요. 그리고 하단에는 각각 다른 메시지가 담긴 다채로운 박스들이 줄지어 있어, \"다양한 장난감이 한가득!\", \"추억을 만드는 즐거운 시간!\", \"상상력을 키우는 행복한 놀이!\", \"신나는 게임과 함께 즐거운 하루!\", \"특별한 선물로 마음을 전하세요!\", \"남녀노소 모두가 좋아하는 장난감!\" 등으로 각기 다른 장난감의 매력과 가치들을 강조하고 있습니다.\n\n즉, 이 사진은 첫 번째, 두 번째 사진이 특정 놀이기구나 장난감을 강조하거나 특정 활동을 부각하는 데 비해, 전반적으로 다양한 장난감을 아우르면서 놀이의 즐거움과 상상력, 추억, 선물 등 다방면의 긍정적인 이미지를 모두 포괄하려는 목적의 홍보 포스터라는 점에서 차별화돼 있어요. 아이부터 어른까지 모두 함께 즐기는 장난감의 세계를 한눈에 보여주는 느낌이 강합니다.','2026-06-16 19:04:33','N','TEXT',NULL,NULL),(42,5,'USER','설명가능?','2026-06-16 19:36:51','N','IMAGE','1231.png','/uploads/8c25f445-ffda-4b95-8980-3afa861344ee_1231.png'),(43,5,'USER','이미지를 보냈습니다.','2026-06-16 19:36:51','N','IMAGE','banner1.png.png','/uploads/119600a5-bba3-4b27-b1aa-da753f387cb6_banner1.png.png'),(44,5,'USER','이건 어떤건지알고있음?','2026-06-16 19:37:26','N','IMAGE','KakaoTalk_20250301_080600872.jpg','/uploads/bd9c9535-aab5-40ce-9b45-07f4de5d0d24_KakaoTalk_20250301_080600872.jpg'),(45,5,'USER','이미지를 보냈습니다.','2026-06-16 19:37:26','N','IMAGE','KakaoTalk_20250301_080600872_02.jpg','/uploads/cd3f5bf5-a7b5-4006-9e93-3efd67acc343_KakaoTalk_20250301_080600872_02.jpg'),(46,5,'USER','분석해줘','2026-06-16 19:37:38','N','TEXT',NULL,NULL),(47,5,'ASSISTANT','어떤 내용을 분석해 드릴까요? 문서, 데이터, 글, 혹은 다른 자료가 있다면 알려주세요.','2026-06-16 19:37:40','N','TEXT',NULL,NULL),(48,5,'USER','이미지를 보냈습니다.','2026-06-16 19:39:26','N','IMAGE','KakaoTalk_20250301_080600872_03.jpg','/uploads/94e3574e-b903-4c4c-8d32-90deb78a9365_KakaoTalk_20250301_080600872_03.jpg'),(49,5,'USER','이미지를 보냈습니다.','2026-06-16 19:39:26','N','IMAGE','KakaoTalk_20250301_080600872_02.jpg','/uploads/980f5efd-166d-42db-9dff-7b9bda23c766_KakaoTalk_20250301_080600872_02.jpg'),(50,5,'USER','이게 뭔줄알겠어?','2026-06-16 19:39:47','N','IMAGE','KakaoTalk_20250301_080600872_01.jpg','/uploads/c83f8222-b810-425f-a550-d36a3d58a047_KakaoTalk_20250301_080600872_01.jpg'),(51,5,'USER','이미지를 보냈습니다.','2026-06-16 19:39:47','N','IMAGE','화면 캡처 2025-06-01 205643.png','/uploads/6523b157-ce66-45ac-a1d8-4e2bc29fb07f_화면 캡처 2025-06-01 205643.png'),(52,6,'USER','한국은 어떻게 생각해?','2026-06-16 21:17:50','Y','TEXT',NULL,NULL),(53,6,'ASSISTANT','한국은 역사와 문화, 기술 발전이 모두 뛰어난 나라라고 생각해요. 전통과 현대가 조화롭게 어우러져 있고, 한국인의 따뜻한 정과 끈기도 인상적이죠. 혹시 한국의 어떤 부분에 대해 더 알고 싶으신가요?','2026-06-16 21:17:52','Y','TEXT',NULL,NULL),(54,6,'USER','두개 이미지 분석해줘','2026-06-16 21:18:06','Y','IMAGE','onepiece-chopa1.png.png','/uploads/d3cb313e-9ae7-499e-acdc-da4fa55aa9be_onepiece-chopa1.png.png'),(55,6,'USER','이미지를 보냈습니다.','2026-06-16 21:18:07','Y','IMAGE','hotwheels-5kits.png.png','/uploads/234527b4-0890-4c2b-8e91-24aa16db5ce7_hotwheels-5kits.png.png'),(56,6,'USER','이 두그림 분석해줘','2026-06-16 21:32:15','Y','IMAGE','hotwheels-5kits.png.png','/uploads/51fadfa8-e06f-463c-a154-001f84ab953d_hotwheels-5kits.png.png'),(57,6,'USER','이미지를 보냈습니다.','2026-06-16 21:32:16','Y','IMAGE','onepiece-chopa1.png.png','/uploads/8dcdacda-a4a8-45b4-b92f-204b73800c54_onepiece-chopa1.png.png'),(58,6,'ASSISTANT','첫 번째 그림과 두 번째 그림을 각각 분석해드릴게요.\n\n1. 첫 번째 그림\n- 제품명: Hot Wheels Bladez Maker Kitz\n- 내용: 여러 개의 미니 레이싱 카를 조립하는 키트로 보입니다.\n- 특징: 5대의 카를 만들 수 있고, \"Make it! Race it!\"라는 문구에서 조립 후 경주가 가능한 장난감임을 알 수 있습니다.\n- 연령대: 5-12세\n- 추가 정보: \'Street Racer Championship Set\'이라는 이름으로, 자동차 조립과 놀이를 결합한 제품입니다.\n\n2. 두 번째 그림\n- 작품명: ONE PIECE (원피스)\n- 제품명: 차퍼 로보 슈퍼 1호 가드 포트리스\n- 내용: 애니메이션 원피스의 캐릭터 \'토니토니 쵸파\'를 모티브로 한 로봇 형태의 장난감입니다.\n- 특징: 방어용 무기(포)들이 달린 기계장치이며, \"모피 강화\"와 \"기지 방어 기계\"라는 설명이 있습니다.\n- 제조사: BANDAI\n- 언어: 일본어와 영어 혼용\n\n요약하자면, 첫 번째 이미지는 조립해서 여러 종류의 자동차 장난감을 만드는 DIY 키트이고, 두 번째 이미지는 인기 애니메이션 캐릭터를 모티브로 한 로봇 액션 토이입니다. 둘 다 조립 및 조작이 가능한 장난감이지만 용도와 컨셉이 크게 다릅니다. \n\n필요하면 두 그림의 공통점과 차이점도 비교해 드릴게요.','2026-06-16 21:32:24','Y','TEXT',NULL,NULL),(59,6,'USER','분석해줘 글','2026-06-16 21:43:19','Y','IMAGE','KakaoTalk_20250301_080600872_04.jpg','/uploads/2c8ec2f6-de1f-452e-9c02-5e2d5ce7327b_KakaoTalk_20250301_080600872_04.jpg'),(60,6,'USER','이미지를 보냈습니다.','2026-06-16 21:43:19','Y','IMAGE','KakaoTalk_20250301_080600872_01.jpg','/uploads/a1efc0f3-0d98-4520-aac3-e0f11d1d7ba3_KakaoTalk_20250301_080600872_01.jpg'),(61,6,'ASSISTANT','첫 번째 사진과 두 번째 사진 모두 Linux, Unix 시스템 관련 다양한 명령어, 네트워크, 스토리지, 프로세스 관리 등에 관한 내용을 다룬 필기노트입니다. 다만 첫 번째 사진은 주로 시스템 관리, 파일 관리, 패키지 관리, 프로세스 관리 등에 관한 폭넓은 내용이 상세하게 적혀있고, 두 번째 사진은 네트워크 명령어, 시스템 설정 파일, SSH, Telnet, Samba 등 네트워크 및 원격 접속 관련 정보가 주를 이룹니다.\n\n### 첫 번째 사진 내용 요약\n- LVM, RAID, IP stat, OSS, CHME, XSAVE 등 Linux 시스템 관리 및 스토리지 기술 관련 내용\n- 패키지 설치/관리 명령어(dnf, yum 등)와 make 명령어\n- 시스템 프로세스와 파일시스템 명령어(xfs, ext4, inode 등)\n- vim 편집기 사용법과 기본 터미널 명령어\n- 프로세스 우선순위, 시스템 모니터링 명령어 및 관련 개념\n\n### 두 번째 사진 내용 요약\n- XFS, ED, SSH 명령어에 관한 설명\n- ALSA, CUPS 같은 리눅스 사운드 서비스 및 프린터 관리\n- 네트워크 설정 관련 파일(/etc/hosts, /etc/services, /etc/sysconfig/network 등)\n- ip, ifconfig, netstat, ss 명령어 소개 및 설명\n- FTP, Telnet, DHCP, Samba, CIFS 등 네트워크 프로토콜과 서비스 개념\n- 윈도우 시스템 명령어 및 네트워크 관련유틸리티(ethtool 등)\n- 네트워크 포트, 프로토콜에 관한 설명과 관리 방법\n\n### 공통점\n- 두 장 모두 리눅스/유닉스 시스템 운영과 관리를 위한 기본 명령어 및 네트워크, 저장장치 관리 등 다양한 내용을 포함함\n- 시스템 내 프로세스 관리, 파일 시스템, 네트워크 설정과 관련된 명령어가 다수 포함되어 실제 서버 관리자나 시스템 엔지니어가 참고할 만한 내용\n\n### 차이점\n- 첫 번째 사진은 주로 파일시스템, 저장장치 관리 및 프로세스 우선순위, 시스템 구축 관련 명령어에 초점이 맞춰져 있음\n- 두 번째 사진은 네트워크 설정, 원격 접속(SSH, Telnet), 네트워크 프로토콜, 윈도우와의 연동 관련 명령어와 설정 파일에 대한 설명이 주를 이룸\n\n### 종합\n이 필기노트는 리눅스 운영체제의 전반적인 서버 운영 및 관리에 필요한 기초 지식과 명령어를 폭넓게 다루고 있으며, 서버관리자의 실무 준비를 위한 공부 자료로 활용하기 적합합니다. 특히 스토리지, 프로세스, 네트워크 등 시스템의 주요 부분들을 체계적으로 정리한 점이 눈에 띕니다.','2026-06-16 21:43:31','Y','TEXT',NULL,NULL),(62,9,'USER','이미지 분석해줘','2026-06-16 21:47:01','N','IMAGE','68a612cf-1e3f-4e7d-8caa-0e5de8d7eb0e.png','/uploads/f1351254-fc61-49e9-b4d1-7993d85af073_68a612cf-1e3f-4e7d-8caa-0e5de8d7eb0e.png'),(63,9,'USER','이미지를 보냈습니다.','2026-06-16 21:47:01','N','IMAGE','0a174a0f-24e7-40ac-8008-cbf534612273.png','/uploads/20654163-a2ab-40e6-ad04-aa3f94c820c7_0a174a0f-24e7-40ac-8008-cbf534612273.png'),(64,9,'ASSISTANT','첫 번째 이미지와 두 번째 이미지를 각각 설명해드릴게요.\n\n첫 번째 이미지:\n젊은 남자와 여자가 벽 앞에 서서 손으로 브이(V)자를 그리고 있어요. 두 사람 모두 캐주얼한 옷차림인데, 남자는 흰 티셔츠에 카키색 반바지, 파란 신발을 신고 있고, 여자는 흰 티셔츠와 검은 반바지, 샌들을 신고 있습니다. \"ANYTIME\"이라는 글자가 적힌 티셔츠가 눈에 띄네요. 밝은 햇빛이 벽에 그림자를 만들어내고 있고, 벽 옆에 주황색 꽃이 만발한 나무가 있어 여름날의 따뜻한 분위기가 느껴집니다. 하늘도 파랗고 구름이 뭉게뭉게 피어 있는 점도 평화롭고 여유로운 느낌을 줍니다.\n\n두 번째 이미지:\n카페나 실내 공간에서 한 여성이 주인공처럼 보이고, 그 뒤로 어린아이가 장난치며 웃고 있어요. 여성은 미소를 지으며 턱을 손에 괴고 있고, 털 재킷과 회색 니트를 입고 있으며, 손목 시계를 차고 있습니다. 앞 테이블 위에는 휴대폰이 놓여 있는데, 휴대폰 화면에 남자 두 명이 보이는 사진이 담겨 있어 가족 사진으로 추측돼요. 뒤편에는 다른 사람들도 앉아 있고, 벽에 그려진 캐릭터와 글씨도 보이네요. 따뜻한 실내 조명과 사람들로 인해 친근하고 편안한 분위기가 강조됩니다.\n\n두 장 모두 인물들의 자연스러운 표정과 따뜻한 색감, 일상적이고 소소한 행복감을 담고 있어요. 특히 첫 번째는 야외에서 자연광 아래의 밝은 기운이, 두 번째는 실내 공간에서 가족과 함께하는 따뜻한 시간의 느낌이 강하게 전달됩니다.','2026-06-16 21:47:12','N','TEXT',NULL,NULL),(65,9,'USER','내일 날씨 어때? 경남','2026-06-16 21:47:25','N','TEXT',NULL,NULL),(66,9,'ASSISTANT','경남 지역 내일 날씨를 알려드릴게요. \n\n내일 경남은 대체로 맑겠고, 낮 기온은 약 18도에서 22도 사이로 쾌적할 전망입니다. 바람은 약간 불겠고, 강수 확률은 낮아 비 걱정은 없어요. \n\n외출하실 때 참고하세요!','2026-06-16 21:47:27','N','TEXT',NULL,NULL),(67,9,'USER','ㄹㅇㄴㅁ','2026-06-16 22:20:03','N','TEXT',NULL,NULL),(68,9,'ASSISTANT','안녕하세요! 무언가 궁금한 점이나 도움이 필요하신가요? 언제든지 말씀해 주세요!','2026-06-16 22:20:05','N','TEXT',NULL,NULL),(69,6,'USER','분석해줘','2026-06-17 20:37:52','Y','IMAGE','8702451b-1ca2-48c8-9fde-78954fadd7a2.png','/uploads/0966600c-b9d2-47c0-ab1f-d3c50423cffa_8702451b-1ca2-48c8-9fde-78954fadd7a2.png'),(70,6,'USER','이미지를 보냈습니다.','2026-06-17 20:37:53','Y','IMAGE','9952769e-f980-4ac8-acee-b7aa2670a8a9.png','/uploads/497a3c41-1619-4716-b64b-eebe1a3b9858_9952769e-f980-4ac8-acee-b7aa2670a8a9.png'),(71,6,'ASSISTANT','첫 번째 이미지와 두 번째 이미지를 각각 분석해드릴게요.\n\n첫 번째 이미지:\n- 어린아이가 겨울 옷을 입고 실내에 있는 모습이에요.\n- 아이는 두툼한 흰색 패딩 점퍼와 녹색 스커트(혹은 바지) 위에 토끼 얼굴이 그려진 옷을 입고 있어요.\n- 아이가 놀란 듯 입을 약간 벌리고 있고, 손은 약간 앞으로 내밀고 있는 자세입니다.\n- 배경은 전통 가옥 스타일의 나무 문과 돌 바닥이 보이고, 옆에는 작은 눈사람이 놓여 있어 겨울이라는 계절감을 느낄 수 있어요.\n\n두 번째 이미지:\n- 또 다른 어린아이가 실내 의자에 앉아서 웃으며 무언가를 들고 있어요.\n- 아이는 노란색 스웨터와 파란색 멜빵바지를 입고 있으며, 머리는 양쪽으로 묶은 두 포니테일이에요.\n- 배경에는 식물들과 푸른 벽이 보이고, 아이가 들고 있는 물건은 어린이용 카메라처럼 보입니다.\n- 밝은 표정에서 즐거움과 호기심이 느껴집니다.\n\n요약하자면, 두 이미지 모두 어린 아이가 등장하며 아늑하고 따뜻한 실내 환경에서의 일상을 그리고 있어요. 첫 번째 이미지는 겨울철 실내를 배경으로 약간 놀란 표정을, 두 번째는 즐거운 표정을 보여줍니다. 옷차림, 표정, 소품, 배경 등이 각각 다르며, 첫 번째는 차분한 분위기, 두 번째는 좀 더 활기찬 분위기라 볼 수 있어요.','2026-06-17 20:38:04','Y','TEXT',NULL,NULL),(72,6,'USER','오늘 월드컵 경기 결과알려줘ㅏ','2026-06-17 20:38:15','Y','TEXT',NULL,NULL),(73,6,'ASSISTANT','오늘 월드컵 경기 결과를 알려드릴게요. 어느 경기 결과가 궁금하신가요? 특정 팀이나 경기 시간이 있으면 말씀해 주세요!','2026-06-17 20:38:16','Y','TEXT',NULL,NULL),(74,6,'USER','알제리와 아르헨티나','2026-06-17 20:38:29','Y','TEXT',NULL,NULL),(75,6,'ASSISTANT','알제리와 아르헨티나는 각각 아프리카와 남아메리카에 위치한 국가입니다.\n\n- 알제리: 북아프리카에 위치한 나라로, 지중해와 접해 있으며 사하라 사막 일부를 포함하고 있습니다. 수도는 알제리 시티이며, 주로 아랍어와 베르베르어를 사용하고 프랑스어도 널리 이용됩니다. 풍부한 석유와 천연가스 자원을 가지고 있어 경제에 큰 비중을 차지합니다.\n\n- 아르헨티나: 남아메리카 남부에 위치한 나라로, 수도는 부에노스아이레스입니다. 스페인어를 공용어로 사용하며, 광활한 팜파스 평원과 안데스 산맥, 대서양 해안선 등을 갖추고 있어 다양한 자연환경이 특징입니다. 농업, 축산업 및 와인 산업이 발달해 있으며 축구도 매우 인기 있는 스포츠입니다.\n\n두 나라에 대해 더 궁금한 점이나 특정 주제가 있다면 알려주세요!','2026-06-17 20:38:34','Y','TEXT',NULL,NULL),(76,6,'USER','알제리 아르헨티나 결과알려줘 앞으로 전망도','2026-06-17 20:52:18','Y','TEXT',NULL,NULL),(77,6,'ASSISTANT','현재 실시간 조회 기능이 없어 정확한 최신 경기 결과를 알려드리기는 어렵습니다. 월드컵 경기 결과와 앞으로 전망은 공식 스포츠 뉴스나 경기 중계 사이트를 참고하시면 가장 정확해요.\n\n다만 일반적으로 아르헨티나는 강력한 축구 전통과 뛰어난 선수들을 보유한 강팀으로 평가받고 있어, 앞으로도 좋은 성적을 기대할 수 있어요. 알제리도 아프리카 축구 강국 중 하나로, 조직력과 빠른 공격이 강점입니다. 두 팀 모두 경기 상황과 선수 컨디션에 따라 경기가 크게 달라질 수 있으니, 최신 정보를 주기적으로 확인하는 것이 좋습니다!','2026-06-17 20:52:22','Y','TEXT',NULL,NULL),(78,6,'USER','그전에 대화 내용은 기억해?','2026-06-17 20:52:46','Y','TEXT',NULL,NULL),(79,6,'ASSISTANT','네, 기억하고 있어요! 지금까지 월드컵 우승 예상, 한국 축구에 대한 이야기, 알제리와 아르헨티나에 대해 물어보셨고, 마지막으로 두 나라의 경기 결과와 전망을 문의하셨죠. 더 도와드릴 부분 있으면 말씀해 주세요!','2026-06-17 20:52:47','Y','TEXT',NULL,NULL),(80,10,'USER','내이름은 경수야','2026-06-17 21:01:46','Y','TEXT',NULL,NULL),(81,10,'ASSISTANT','반가워요, 경수님! 어떻게 도와드릴까요?','2026-06-17 21:01:48','Y','TEXT',NULL,NULL),(82,10,'USER','내이름뭐라고 했게?','2026-06-17 21:01:53','Y','TEXT',NULL,NULL),(83,10,'ASSISTANT','경수님이라고 하셨죠! 무엇을 도와드릴까요?','2026-06-17 21:01:54','Y','TEXT',NULL,NULL),(84,11,'USER','내이름은 뭐게','2026-06-17 21:08:54','Y','TEXT',NULL,NULL),(85,11,'ASSISTANT','죄송하지만, 사용자의 이름을 알 수 있는 정보가 없어서요. 이름을 알려주시면 더 친절하게 불러드릴게요!','2026-06-17 21:08:57','Y','TEXT',NULL,NULL),(86,11,'USER','경수야','2026-06-17 21:08:59','Y','TEXT',NULL,NULL),(87,11,'ASSISTANT','반가워요, 경수님! 어떻게 도와드릴까요?','2026-06-17 21:09:01','Y','TEXT',NULL,NULL),(88,11,'USER','내이름 뭐게','2026-06-17 21:09:05','Y','TEXT',NULL,NULL),(89,11,'ASSISTANT','경수님이시죠! 다시 질문해 주셔서 감사합니다. 혹시 이름과 관련해서 다른 궁금한 점 있으신가요?','2026-06-17 21:09:07','Y','TEXT',NULL,NULL),(90,6,'USER','오늘 월드컵결과알려줘','2026-06-17 21:52:09','Y','TEXT',NULL,NULL),(91,6,'ASSISTANT','네이버 검색 결과를 확인해 보니 오늘 월드컵 경기 결과에 관한 최신 뉴스는 아직 올라오지 않은 것 같습니다. 경기 결과를 빠르게 확인하려면 공식 스포츠 중계 사이트나 스포츠 뉴스 앱을 참고하시는 걸 추천드려요.\n\n필요하시면 경기 일정이나 예상 정보, 특정 팀에 대한 분석도 도와드릴 수 있습니다!','2026-06-17 21:52:13','Y','TEXT',NULL,NULL),(92,6,'USER','오늘의 뉴스 요약해줘','2026-06-17 21:53:23','Y','TEXT',NULL,NULL),(93,6,'ASSISTANT','오늘의 주요 뉴스는 주로 뷰티와 패션 관련 소식이 많아요. 요약해드릴게요:\n\n1. **파이토신 크림 활용법**  \n   SNS에서 인기 있는 파이토신 크림을 효과적으로 사용하는 방법과 주의할 점을 소개합니다. 피부 관리에 관심 있는 분들에게 도움되는 정보입니다.\n\n2. **맥주 효모와 머리 건강**  \n   맥주 효모가 비타민 B군과 단백질, 항산화 물질을 풍부하게 포함해 머리카락 건강에 도움을 줄 수 있는지에 대한 내용이 다뤄졌어요.\n\n3. **나나의 단발 헤어스타일 변신**  \n   배우 나나가 상큼한 단발 머리로 스타일 변신을 했다는 소식도 화제가 되고 있습니다.\n\n4. **Y3K 스타일 트렌드**  \n   에스파, 리사 등 인기 아이돌이 선보인 ‘Y3K’ 스타일과 쇠맛 메이크업 패션이 주목받고 있다는 내용입니다.\n\n5. **여름철 여성 헤어 스타일링 팁**  \n   숱이 많으면서도 시원하게 연출할 수 있는 여름철 여자 헤어 컷 스타일 추천 정보도 포함되어 있네요.\n\n대체로 뷰티, 패션, 라이프스타일 관련 정보가 중심이라 생활 속에서 참고하기 좋은 뉴스들입니다. 필요하면 특정 주제 더 자세히 알려드릴게요!','2026-06-17 21:53:31','Y','TEXT',NULL,NULL),(94,6,'USER','아니 정치에서..','2026-06-17 21:53:40','Y','TEXT',NULL,NULL),(95,6,'ASSISTANT','정치 분야 오늘 주요 뉴스는 다음과 같습니다:\n\n1. **정부의 새 정책 발표**  \n최근 정부가 경제 활성화를 위해 새로운 재정 및 세제 개편안을 발표했습니다. 이 정책은 중소기업 지원과 일자리 창출에 중점을 두고 있어 국민들의 관심이 큽니다.\n\n2. **국회에서 법안 통과 논의 진행 중**  \n여야가 주요 쟁점 법안에 대해 활발한 논의를 이어가고 있으며, 특히 부동산 관련 규제 완화와 교육 개혁 법안이 화두에 올랐습니다.\n\n3. **외교 관련 소식**  \n최근 한국과 주요 국가 간 외교 회담이 있었으며, 경제 협력 강화 및 안보 협력 방안에 대해 의견을 교환했습니다.\n\n4. **정치인 간 갈등 및 협력 상황**  \n일부 정치인들 사이에 의견 차이가 여전한 가운데, 국정을 위한 협력 방안 모색도 병행되고 있는 상황입니다.\n\n필요하시면 특정 이슈나 정치인 관련 소식을 더 상세하게 알려드릴 수 있어요!','2026-06-17 21:53:44','Y','TEXT',NULL,NULL),(96,11,'USER','오늘 월드컵 결과 알려줘','2026-06-17 22:10:40','Y','TEXT',NULL,NULL),(97,11,'ASSISTANT','? 핵심 요약  \n- 오늘 월드컵 경기 결과에 관한 최신 정보는 네이버 검색 결과에서 확인되지 않습니다.\n\n? 검색 결과 기준  \n- 제공된 네이버 뉴스 검색 결과는 월드컵 경기 결과와 관련된 내용이 아니며, 2015년 스타트업 구인정보에 관한 내용입니다.  \n- 따라서 오늘 월드컵 경기 결과를 알려주는 정보는 찾을 수 없습니다.\n\n? 자세한 설명  \n- 월드컵 경기 결과는 보통 주요 스포츠 뉴스나 공식 경기 사이트를 통해 확인할 수 있습니다.  \n- 이번 검색에서는 관련 정보가 없으므로, 다른 경로나 시간을 두고 다시 확인하는 것을 권장드립니다.\n\n✅ 결론  \n- 현재 제공된 검색 결과 기준으로는 오늘 월드컵 경기 결과를 알 수 없습니다.  \n- 더 최신의 스포츠 전문 뉴스 사이트나 공식 월드컵 웹사이트에서 확인하시길 추천합니다.','2026-06-17 22:10:44','Y','TEXT',NULL,NULL),(98,11,'USER','삼성전자 주가 어때?','2026-06-17 22:10:59','Y','TEXT',NULL,NULL),(99,11,'ASSISTANT','? 핵심 요약  \n- 삼성전자 주가에 관한 최신 정보가 제공된 네이버 검색 결과에는 없습니다.\n\n? 검색 결과 기준  \n- 네이버 뉴스 검색 결과에서 삼성전자 주가 관련 최신 기사나 정보를 찾을 수 없습니다.\n\n? 자세한 설명  \n- 삼성전자 주가는 시장 상황, 경제 지표, 글로벌 이슈 등에 따라 변동합니다.  \n- 최신 주가와 관련 뉴스는 네이버 금융, 증권사 홈페이지, 또는 증권 거래 앱 등에서 실시간으로 확인할 수 있습니다.\n\n✅ 결론  \n- 현재 제공된 검색 결과 기준으로는 삼성전자 주가 상태를 알 수 없습니다.  \n- 실시간 주가는 금융 포털이나 증권 앱에서 직접 확인하시길 권장합니다.','2026-06-17 22:11:03','Y','TEXT',NULL,NULL),(100,11,'USER','오늘 삼성주가 알려줘','2026-06-17 22:14:45','Y','TEXT',NULL,NULL),(101,11,'ASSISTANT','? 핵심 요약  \n- 현재 제공된 네이버 검색 결과에서는 오늘(2024년 7월 31일 기준) 삼성전자 주가에 대한 구체적이고 최신 정보가 확인되지 않습니다.\n\n? 검색 결과 기준  \n- 뉴스와 웹문서 검색 결과에 삼성전자 주가 관련 최신 데이터나 보도는 포함되어 있지 않습니다.  \n- 주가 관련해서는 뷰티, 건강, 정치 관련 기사들이 주로 노출되고 있습니다.\n\n? 자세한 설명  \n- 삼성전자 주가는 증권거래소 오픈 시간(보통 한국시간 오전 9시~오후 3시 30분)에 실시간으로 변동합니다.  \n- 정확한 오늘 종가나 시가, 변동률 등은 네이버 금융, 카카오 증권, 증권사 앱 등에서 실시간 확인이 가능합니다.\n\n✅ 결론  \n- 오늘 삼성전자 주가에 대한 최신 정보는 제공된 검색 결과에서는 확인되지 않습니다.  \n- 실시간 주가 및 상세 정보는 네이버 금융(https://finance.naver.com), 카카오 증권 등 주식 전문 포털에서 확인하시길 권장합니다.','2026-06-17 22:14:52','Y','TEXT',NULL,NULL),(102,11,'USER','아이유 최신 뉴스','2026-06-17 22:17:42','Y','TEXT',NULL,NULL),(103,11,'ASSISTANT','? 핵심 요약  \n- 최신 뉴스 검색 결과에서는 아이유 관련 직접적인 뉴스 기사는 없고, 뷰티 및 라이프 스타일 관련 내용들이 주로 나옵니다.  \n- 아이유 관련 구체적 최신 이슈나 활동 소식은 검색 결과에 포함되어 있지 않습니다.\n\n? 검색 결과 기준  \n- 네이버 뉴스에서는 아이유와 관련된 뷰티 크림 활용법, 헤어 스타일링, 건강 팁 등의 기사가 다수 있으나 아이유 본인에 관한 최신 뉴스는 확인되지 않습니다.  \n- 웹문서 검색 결과에도 아이유 관련 공식 소식이나 뉴스는 발견되지 않았습니다.\n\n? 자세한 설명  \n- 아이유는 대중적으로 매우 인기 있는 가수 겸 배우로, 종종 방송, 앨범, 광고 등 여러 분야에서 활동합니다.  \n- 최신 뉴스는 주로 엔터테인먼트 뉴스, 공식 채널, 팬카페나 SNS에서 확인할 수 있습니다.  \n- 이번 검색에선 아이유의 최신 활동이나 사건사고, 인터뷰 등 구체적 뉴스가 나타나지 않아 아쉽지만, 관련 소식을 알고 싶으면 공식 팬카페나 주요 연예 뉴스 사이트를 참고해보시는 것이 좋습니다.\n\n✅ 결론  \n- 현재 제공된 네이버 검색 결과 기준으로는 아이유의 최신 뉴스는 확인되지 않습니다.  \n- 아이유의 최신 소식은 주요 연예 뉴스 전문 사이트나 공식 SNS 채널을 참고하세요.\n\n참고 링크  \n- 뷰티 관련 기사 예시: https://www.allurekorea.com/2024/07/24/%ec%9a%94%ec%a6%98-%ed%95%ab%ed%95%9c-%ed%8c%8c%ec%9d%b4%ed%86%a0%ec%8b%a0-%ed%81%ac%eb%a6%bc-a-to-z/?utm_source=naver&utm_medium=partnership','2026-06-17 22:17:56','Y','TEXT',NULL,NULL),(104,11,'USER','이거풀수있어?','2026-06-17 22:20:37','Y','IMAGE','문제.png','/uploads/5e84f861-d8af-4a04-9634-1022ef28057a_문제.png'),(105,11,'ASSISTANT','네! 문제를 이해했고, SQL 쿼리 풀이도 함께 드릴게요.\n\n**문제 요약**  \n- 동물 보호소 `ANIMAL_INS` 테이블에는 동물 정보가 저장되어 있음  \n- 컬럼 예시: `ANIMAL_ID`, `ANIMAL_TYPE`, `DATETIME` 등  \n- `ANIMAL_TYPE`이 \"Cat\" (고양이) 또는 \"Dog\" (개)인 수를 각각 구하는 쿼리 작성  \n- 고양이 결과가 먼저 나오도록 정렬\n\n---\n\n**테이블 설명**  \n- `ANIMAL_TYPE`이 동물종을 나타냄 (Cat, Dog 등)  \n- 각 타입별로 몇 마리 있는지 세면 됨\n\n---\n\n**해결 방안(SQL 쿼리)**  \n```sql\nSELECT ANIMAL_TYPE, COUNT(ANIMAL_TYPE) AS count\nFROM ANIMAL_INS\nWHERE ANIMAL_TYPE IN (\'Cat\', \'Dog\')\nGROUP BY ANIMAL_TYPE\nORDER BY \n  CASE WHEN ANIMAL_TYPE = \'Cat\' THEN 1\n       WHEN ANIMAL_TYPE = \'Dog\' THEN 2\n       ELSE 3\n  END;\n```\n\n---\n\n**설명**  \n- `WHERE`절로 고양이와 개만 필터링  \n- `GROUP BY`로 동물 종류별 그룹화  \n- `COUNT`로 각 그룹 개수 세기  \n- `ORDER BY`를 써서 \"Cat\"이 먼저 나오도록 정렬\n\n필요하면 더 설명해 드릴 수도 있습니다. 도움이 되었길 바랍니다!','2026-06-17 22:20:46','Y','TEXT',NULL,NULL),(106,11,'USER','자바에서 클래스와 객체 차이를 예시 코드로 설명해줘','2026-06-17 23:27:42','Y','TEXT',NULL,NULL),(107,11,'ASSISTANT','좋아요! 자바에서 클래스와 객체 차이를 쉽게 설명해볼게요.\n\n---\n\n### 1. 클래스(Class)란?  \n- **설계도** 같은 역할을 해요.  \n- 어떤 **속성(변수)**과 **동작(메서드)**이 있을지 미리 정의해놓은 것.\n\n### 2. 객체(Object)란?  \n- 클래스로부터 **만든 실체**(인스턴스)예요.  \n- 실제 메모리에 올라가서 사용 가능한 것.\n\n---\n\n### 예시 코드\n\n```java\n// 클래스 설계도\nclass Car {\n    // 속성 (변수)\n    String color;\n    int speed;\n\n    // 동작 (메서드)\n    void drive() {\n        System.out.println(\"달린다!\");\n    }\n}\n\npublic class Main {\n    public static void main(String[] args) {\n        // 객체 생성 (Car 클래스의 인스턴스)\n        Car myCar = new Car();\n\n        // 객체의 속성 설정\n        myCar.color = \"빨강\";\n        myCar.speed = 100;\n\n        // 객체의 동작 호출\n        myCar.drive();\n\n        System.out.println(\"내 차 색깔은 \" + myCar.color + \"이고, 속도는 \" + myCar.speed + \"km/h 입니다.\");\n    }\n}\n```\n\n---\n\n### 설명  \n- `Car`는 클래스: 자동차에 대한 설계도(어떤 속성과 행동이 있는지 정의)  \n- `myCar`는 객체: 실제로 만든 자동차 (클래스 설계도를 토대로 만든 실제 인스턴스)  \n- 객체를 만들어야 비로소 값도 저장하고 메서드도 실행할 수 있어요!\n\n---\n\n필요하면 더 쉽게, 더 자세하게도 설명해 드릴게요!','2026-06-17 23:28:05','Y','TEXT',NULL,NULL),(108,11,'USER','한화오션 기업설명해줘','2026-06-17 23:52:39','Y','IMAGE','pasted-image-1781707950418-0.png','/uploads/b7ca0359-bd6f-4a51-b369-19afba76b3fb_pasted-image-1781707950418-0.png'),(109,11,'ASSISTANT','한화오션에 대해 설명해드릴게요.\n\n한화오션은 한국거래소(KRX)에 상장된 기업으로, 현재 코스피 시장에서 거래되고 있습니다. \n\n- **주가 정보**: 2026년 6월 17일 기준 주가는 135,100원이며, 전일 대비 4.57% 상승한 상태입니다.\n- **시가총액**: 약 40조 7,836억 원으로 코스피 20위에 해당하는 대형 기업입니다.\n- **상장주식수**: 약 3억 641만 주가 상장되어 있으며, 액면가는 5,000원입니다.\n- **외국인 보유**: 외국인 보유 주식 수는 약 3,231만 주로 외국인 소진율은 10.55%입니다.\n- **PER 및 EPS**: 2026년 3월 기준으로 PER은 약 26.65배, EPS는 4,994원 수준입니다.\n- **배당수익률**: 현재 배당수익률은 표시되어 있지 않습니다(N/A).\n\n한화오션은 주로 해양, 조선, 방산 분야에서 활동하는 기업으로, 한화그룹 소속입니다. 특히 조선업과 해양플랜트 분야에서 강점을 가지고 있으며, 선박 건조, 해양 구조물 제작 등을 주요 사업으로 영위하고 있습니다. \n\n이 외에도 기업의 재무 상태, 사업 전망, 주가 동향 등을 참고해서 투자 판단을 하시면 좋습니다. 더 자세한 정보나 특정 분야에 대해 궁금하시면 말씀해 주세요!','2026-06-17 23:53:01','Y','TEXT',NULL,NULL),(110,11,'USER','이미지를 보냈습니다.','2026-06-17 23:53:13','Y','IMAGE','pasted-image-1781707991717-0.png','/uploads/f030a06b-115a-457d-8ce7-4bba56841df0_pasted-image-1781707991717-0.png'),(111,11,'USER','이미지를 보냈습니다.','2026-06-17 23:55:58','Y','IMAGE','pasted-image-1781708157420-0.png','/uploads/84860c5a-c654-49b5-9625-c5ba9f02d1d5_pasted-image-1781708157420-0.png'),(112,8,'USER','이미지를 보냈습니다.','2026-06-18 00:01:11','Y','IMAGE','pasted-image-1781708463635-0.png','/uploads/c1bd54cf-6862-4d3c-afad-26b5004bfb9e_pasted-image-1781708463635-0.png'),(113,8,'USER','이미지를 보냈습니다.','2026-06-18 00:01:11','Y','IMAGE','onepiece-chopa1.png.png','/uploads/aa55ac3c-2542-4d05-b9ab-fe0cf8895ded_onepiece-chopa1.png.png'),(114,8,'ASSISTANT','이미지 1:\n- 한국 네이버 스포츠 페이지의 \'해외야구\' 섹션 화면입니다.\n- 상단에는 여러 스포츠 종목 탭이 있고, \'해외야구\'가 선택되어 있습니다.\n- 주요 경기 일정이 표시되어 있는데, MLB, NPB 등 다양한 리그의 경기 시간이 적혀 있습니다.\n- 예를 들어, 뉴욕메츠 vs 신시내티 경기와 라쿠텐 vs 한신 경기 결과도 나와 있습니다.\n- 이미지 중앙 하단에는 엄준상 선수의 사진과 기사가 보이며, 그는 KBO 대신 MLB에 진출했고, 계약금으로 22억을 받았다는 내용이 제목에 있습니다.\n- 오른쪽에는 해외야구 관련 최신 기사 목록이 나열되어 있습니다.\n\n이미지 2:\n- 일본 애니메이션 \'원피스\' 관련 이미지입니다.\n- \'ONE PIECE\'와 \'CHOPPER ROBO SUPER 1 GUARD FORTRESS\'라는 문구가 보입니다.\n- 그림에는 귀여운 캐릭터인 쵸파가 탑승한 로봇 형태의 기계 장치가 그림으로 그려져 있습니다.\n- 이 로봇은 포탑과 바퀴가 달려 있으며, 방어용 기계라는 설명이 포함되어 있습니다.\n- 하단 오른쪽에 \'BANDAI\' 로고가 있어 반다이에서 제작한 제품임을 알 수 있습니다.\n- 일본어 설명도 포함되어 있어 일본 웹사이트나 패키지 사진일 가능성이 큽니다.\n\n두 이미지는 서로 전혀 다른 주제를 다루고 있습니다.\n- 첫 번째는 한국 스포츠 뉴스, 특히 해외 야구 소식을 담고 있습니다.\n- 두 번째는 일본 애니메이션 기반 장난감 또는 모형 제품 홍보 이미지입니다.\n- 첫 번째는 실제 인물과 스포츠 경기 정보를 중심으로 하고, 두 번째는 애니메이션 캐릭터와 가상 기계를 묘사하는 그림입니다.','2026-06-18 00:01:27','Y','TEXT',NULL,NULL),(115,8,'USER','자바 클래스와 객체 차이를 자세히 설명해줘. 예제 코드도 같이 보여줘.','2026-06-18 00:14:54','Y','TEXT',NULL,NULL),(116,8,'ASSISTANT','좋아요! 자바에서 **클래스와 객체**는 아주 중요한 개념이에요. 쉽게 설명해볼게요.\n\n---\n\n### 1. 클래스(Class)란?\n\n- **설계도**나 **청사진**이라고 생각하면 돼요.\n- 객체를 만들기 위한 틀 또는 구조를 정의한 것.\n- 어떤 속성(필드)과 행동(메서드)을 가질지 미리 정해 놓은 것.\n\n예를 들어, \'자동차\'라는 클래스를 만든다고 하면, 자동차의 색깔, 모델명 같은 속성과 움직이거나 멈추는 행동을 정의할 수 있어요.\n\n---\n\n### 2. 객체(Object)란?\n\n- 클래스 설계도를 바탕으로 실제 만든 **실체**입니다.\n- 현실 세계의 물건처럼 클래스에 정의된 속성과 행동을 가진 실체를 갖고 있어요.\n- 클래스로부터 여러 개의 객체를 만들 수 있어요.\n\n자동차 클래스에서 설계한 대로 실제 빨간색 자동차, 파란색 자동차 등 구체적인 하나하나가 객체예요.\n\n---\n\n### 쉽게 말하면\n\n| 구분      | 의미                      | 비유                     |\n|----------|--------------------------|--------------------------|\n| 클래스   | 설계도, 틀, 청사진         | 자동차 설계 도면          |\n| 객체     | 설계도로 만든 실제 제품    | 실제 만들어진 자동차     |\n\n---\n\n### 간단한 예제 코드\n\n```java\n// 클래스 정의 (설계도)\nclass Car {\n    String color;     // 속성 (필드)\n    String model;\n\n    void drive() {    // 행동 (메서드)\n        System.out.println(model + \" 자동차가 달립니다.\");\n    }\n\n    void stop() {\n        System.out.println(model + \" 자동차가 멈췄습니다.\");\n    }\n}\n\npublic class Main {\n    public static void main(String[] args) {\n        // 객체 생성 (클래스 설계도로부터 실제 실체 만들기)\n        Car car1 = new Car();\n        car1.color = \"빨강\";\n        car1.model = \"소나타\";\n\n        Car car2 = new Car();\n        car2.color = \"파랑\";\n        car2.model = \"아반떼\";\n\n        // 객체 사용\n        car1.drive();   // 소나타 자동차가 달립니다.\n        car2.stop();    // 아반떼 자동차가 멈췄습니다.\n    }\n}\n```\n\n---\n\n### 요약\n\n- **클래스**는 객체를 만들기 위한 틀이고,\n- **객체**는 그 틀을 바탕으로 만들어진 실제 인스턴스예요.\n- 하나의 클래스에서 여러 객체를 생성할 수 있어요.\n\n궁금한 점 있으면 언제든 물어봐요!','2026-06-18 00:15:11','Y','TEXT',NULL,NULL),(117,11,'USER','이미지를 보냈습니다.','2026-06-18 00:49:46','Y','IMAGE','pasted-image-1781711371739-0.png','/uploads/11dd26de-8039-44d6-b4d2-bc6ef9ae59e0_pasted-image-1781711371739-0.png'),(118,11,'USER','이미지를 보냈습니다.','2026-06-18 00:49:46','Y','IMAGE','pasted-image-1781711384813-0.png','/uploads/7aeb486a-3b52-4adf-89d4-aa1d1e28fc23_pasted-image-1781711384813-0.png'),(119,12,'USER','이미지를 보냈습니다.','2026-06-18 00:51:43','Y','IMAGE','pasted-image-1781711495143-0.png','/uploads/0a4706a2-bb36-4f40-99be-c1fccf19aa65_pasted-image-1781711495143-0.png'),(120,12,'USER','이미지를 보냈습니다.','2026-06-18 00:51:43','Y','IMAGE','pasted-image-1781711501229-0.png','/uploads/621f9c4f-9aaf-4680-ba91-e47c2640bb70_pasted-image-1781711501229-0.png'),(121,12,'USER','이미지를 보냈습니다.','2026-06-18 00:58:17','Y','IMAGE','pasted-image-1781711888111-0.png','/uploads/3256cf9e-a81e-4305-8f0d-bfc9c7caa3c4_pasted-image-1781711888111-0.png'),(122,12,'USER','이미지를 보냈습니다.','2026-06-18 00:58:17','Y','IMAGE','pasted-image-1781711895711-0.png','/uploads/b50aee80-76d9-42c8-bb59-18e62e4f4b55_pasted-image-1781711895711-0.png'),(123,12,'ASSISTANT','이 이미지는 두 개의 화면이 나란히 보이는 스크린샷으로 보이며, 각각 네이버 포털 서비스의 한 부분을 보여줍니다. \n\n첫 번째 이미지(왼쪽 상단):\n- 네이버 e스포츠(Esports) 페이지의 일부입니다. 화면 상단에는 NAVER e스포츠 및 여러 게임(LoL, PUBG, 발로란트, 오버워치, 일반) 선택 메뉴가 있습니다.\n- 메인 테마는 \"League of Legends (LoL)\"으로, 대전 e스포츠 경기장 모습과 관련 국제 대회의 기대감을 다룬 기사들이 보입니다.\n- 여러 e스포츠 선수 사진과 뉴스가 배치되어 있으며, 특히 \'룰러\' 박재혁 선수에 대한 징계 및 사회봉사 소식, 공정위원회의 관련 기사도 있습니다.\n- 오른쪽에는 e스포츠 경기 일정과 결과가 날짜별로 정리되어 있어 대회를 볼 수 있도록 구성되어 있습니다.\n- 전반적으로 e스포츠, 특히 LoL 관련 소식과 경기 일정, 뉴스 콘텐츠로 구성된 페이지입니다.\n\n두 번째 이미지(오른쪽 하단):\n- 네이버 뉴스 섹션의 메인 페이지입니다.\n- 상단에는 언론사별로 뉴스를 볼 수 있는 메뉴가 있고, 정치, 경제, 사회, 생활문화, IT/과학, 세계, 랭킹 등 다양한 뉴스 카테고리가 나열되어 있습니다.\n- 좌측에는 주요 뉴스와 방송 뉴스가 리스트 형식으로 배치되어 있으며, 중앙에는 주요 뉴스 헤드라인과 뉴스 카드들이 배치되어 다채로운 최신 뉴스들을 볼 수 있습니다.\n- 오른쪽에는 구독 언론사 및 구독 기자, 이슈, 노출 기준, 구독 설정 등의 메뉴가 보입니다.\n- 이 화면은 일상적이고 광범위한 뉴스들(정치, 경제, 사회 이슈 등)을 다루는 일반적 뉴스 포털 형태임을 알 수 있습니다.\n\n종합:\n- 첫 화면은 네이버 e스포츠 전용 페이지로, 리그 오브 레전드(LoL) 중심의 e스포츠 관련 소식과 경기 일정, 선수 뉴스 등이 주를 이룹니다.\n- 두 번째 화면은 네이버 뉴스의 일반 뉴스 페이지로 정치, 경제, 사회 등 다양한 분야의 최신 뉴스가 소개되는 곳입니다.\n- 두 화면 모두 네이버 포털 내의 다른 서비스 페이지임을 알 수 있고, 각각 e스포츠와 포괄적인 뉴스 서비스를 주로 소개하는 구성이 명확합니다.\n\n필요하면 각 뉴스 기사나 일정, 메뉴 등에 대해 더 구체적인 설명도 가능합니다.','2026-06-18 00:58:34','Y','TEXT',NULL,NULL),(124,12,'ASSISTANT','이 이미지는 한국의 대표 포털 사이트 \'네이버\'의 두 가지 주요 섹션을 보여주는 화면입니다. 각 이미지를 따로 살펴보고 분석해드리겠습니다.\n\n---\n\n1. 첫 번째 이미지 (상단 및 하단 일부):\n\n- 상단 탭: 여러 개의 브라우저 탭이 열려있고, 현재 \'네이버 e스포츠\' 섹션 웹페이지가 활성화되어 있습니다.\n- 웹사이트 상단 메뉴: NAVER e스포츠, 치킨집, GAME, PC게임 메뉴가 나열되어 있고, LoL, PUBG, 발로란트, 오버워치, 일반 카테고리가 있습니다. LoL(리그 오브 레전드) 카테고리가 선택되어 있으며 \'LIVE\' 배지가 붙어 실시간 방송이 활성화된 상태임을 알 수 있습니다.\n- 페이지 메인타이틀: \"LEAGUE OF LEGENDS\" 로고가 큼지막하게 중앙에 있습니다.\n- 광고 배너: 라그나로크M:Classic이라는 게임 CBT(비공개 테스트) 참여를 유도하는 광고가 중간에 띄워져 있습니다.\n- 주요 뉴스 및 이미지: e스포츠 대회 현장을 담은 사진, e스포츠 선수 모습, 기사 제목과 요약이 표시되어 있습니다.\n- 대표 기사 중 하나는 \'한국 e스포츠협회, 박재혁에 벌금 및 사회봉사 부과\' 관련 내용입니다.\n- 오른쪽에는 e스포츠 경기 일정과 결과, e스포츠 소식 랭킹이 나열되어 있습니다.\n\n---\n\n2. 두 번째 이미지:\n\n- 네이버 뉴스 섹션.\n- 언론사별로 분류된 뉴스들이 표시되어 있으며, 각 언론사의 주요 뉴스 제목과 일부 내용 요약이 보입니다.\n- 대표 언론사로 kbc광주방송, 동아일보, 디지털타임스, 아시아경제, 세계일보 등이 보입니다.\n- 주요 뉴스 주제는 미국-이란 전쟁, 정치, 사회 이슈 등에 관련된 기사들이 중심입니다.\n- 방송 뉴스 라이브 섹션도 화면 중앙에 배치되어 있음.\n- 뉴스 화면의 상단에는 \'언론사별\', \'정치\', \'경제\' 등 분야별 탭이 있습니다.\n\n---\n\n3. 세 번째 이미지:\n\n- 첫 번째 이미지와 동일하게 보이는 네이버 e스포츠 \'리그 오브 레전드\' 관련 페이지.\n- 주요 뉴스와 최신 기사들이 보이고, e스포츠 경기 일정/결과 섹션도 확인됨.\n- 화면 우측 랭킹 리스트에는 \'한국 e스포츠협회...\' 관련 소식이 1위로 올라와 있음.\n- 전체적으로 esports 관련 소식을 중심으로 구성되어 있으며, 경기 일정과 실시간 소통(채팅 등) 기능도 함께 안내되고 있음.\n\n---\n\n4. 네 번째 이미지:\n\n- 두 번째 이미지와 동일한 네이버 뉴스 섹션.\n- 언론사별 주요 뉴스와 인기 기사들이 가득 차 있음.\n- 정치, 사회, 경제, IT/과학 등 다양한 분야 뉴스가 섞여서 제공됨.\n- 정치 및 사회 관련 주요 이슈(미국-이란 전쟁, 국내 정치 상황 등)가 눈에 띕니다.\n- 뉴스 카테고리 별로 세부 뉴스 및 사진들이 함께 있습니다.\n\n---\n\n### 종합 분석:\n\n- 이 화면들은 한국 최대 포털 \'네이버\'에서 제공하는 뉴스 및 e스포츠 섹션의 최신 웹 인터페이스를 캡처한 것입니다.\n- 주요 콘텐츠는 \'리그 오브 레전드\' 중심의 e스포츠 대회 및 관련 소식, 한국 e스포츠협회 이슈, 선수 징계 관련 소식이 포함되어 있습니다.\n- 동시에 국내 뉴스 섹션에서는 정치, 경제, 사회 주요 이슈들을 다양한 언론사별로 요약 제공하고 있으며, 실시간 방송 뉴스도 시청 가능함을 보여줍니다.\n- 사용자 계정(프로필 아이콘), 알림, 메일 등 네이버 서비스의 통합 UI가 상단에 유지되고 있습니다.\n- 전체적으로 한국 내 e스포츠의 활성화와 주요 이슈 동향을 한눈에 보여주고, 네이버 뉴스 서비스가 다양한 언론사 소식을 폭넓게 제공함을 알 수 있습니다.\n\n---\n\n필요하면 특정 부분(예: e스포츠, 뉴스 기사 내용, UI 기능)에 대해 더 자세한 설명도 가능합니다!','2026-06-18 01:05:34','Y','TEXT',NULL,NULL),(125,5,'USER','핵심만 요약해줘','2026-06-18 01:19:35','N','TEXT',NULL,NULL),(126,5,'ASSISTANT','이 이미지는 다양한 장난감과 놀이를 한데 모아 ‘꿈과 행복이 가득한 장난감 세상’이라는 메시지를 전달하는 홍보 포스터입니다. 여러 종류의 장난감을 생생하게 배치해 아이부터 어른까지 모두 즐길 수 있는 즐거운 놀이와 상상력, 추억, 선물의 가치를 강조하고 있어요.','2026-06-18 01:19:41','N','TEXT',NULL,NULL),(127,5,'USER','예시를 들어서 설명해줘','2026-06-18 01:27:11','N','TEXT',NULL,NULL),(128,5,'ASSISTANT','이 이미지는 마치 대형 장난감 가게 입구에 붙어 있는 포스터 같다고 생각하면 쉬워요.\n\n예를 들어, 여러분이 동네 장난감 가게에 갔을 때, 입구에 알록달록하고 다양한 장난감 사진이 가득한 포스터가 붙어 있잖아요? 그 포스터에는 로봇 장난감, 자동차, 인형, 블록 등 여러 가지가 함께 등장해서 ‘여기엔 아이부터 어른까지 모두가 좋아할 만한 재미있는 장난감이 많아요!’ 하고 말해주는 느낌이에요.\n\n이렇게 다양한 장난감을 보여주면서 ‘꿈과 행복’ ‘상상력’ ‘추억’ 같은 말도 함께 적혀 있어서, 장난감을 사기 전부터 설레고 즐거운 마음이 들게 하는 거죠. 즉, 이 이미지는 그런 ‘신나는 장난감 세상’에 초대하는 광고라고 볼 수 있습니다.','2026-06-18 01:27:21','N','TEXT',NULL,NULL),(129,5,'USER','예시를 들어서 설명해줘','2026-06-18 01:34:39','N','TEXT',NULL,NULL),(130,5,'ASSISTANT','이 이미지를 예를 들어 설명하자면, 마치 아이스크림 가게에 여러 가지 맛과 색깔의 아이스크림들이 진열된 모습을 상상해 보세요.\n\n아이스크림 가게 입구에 ‘다양한 맛, 아이부터 어른까지 모두가 좋아해요!’라는 문구와 함께 초콜릿, 딸기, 바닐라, 민트 아이스크림이 알록달록 보이는 포스터가 붙어 있으면, 누구나 들어가서 ‘나도 이 중에서 골라 먹고 싶다!’는 생각이 들잖아요.\n\n이 이미지도 비슷해요. 여러 종류의 로봇, 자동차, 인형, 블록 장난감들을 보여주면서 ‘꿈과 행복이 가득한 장난감 세상’이라는 메시지를 전달합니다. 그래서 아이든 어른이든, 이 장난감들로 재미있게 놀고, 상상력을 키우고, 추억을 만들 수 있다는 걸 친근하게 표현한 광고인 거죠.','2026-06-18 01:34:49','N','TEXT',NULL,NULL),(131,6,'USER','장점과 리스크를 비교해줘','2026-06-18 01:40:28','Y','TEXT',NULL,NULL),(132,6,'ASSISTANT','어떤 주제나 상황에 대해 장점과 리스크(위험)를 비교해드릴까요? 예를 들어, 특정 정책, 기술, 투자, 혹은 일상적인 선택 등 구체적으로 알려주시면 더 정확하게 도와드릴 수 있어요!','2026-06-18 01:40:33','Y','TEXT',NULL,NULL),(133,12,'USER','예시를 들어서 설명해줘','2026-06-18 01:44:19','Y','TEXT',NULL,NULL),(134,12,'ASSISTANT','네, 물론이에요! 이 이미지를 예시로 쉽게 설명해볼게요.\n\n---\n\n### 1. 네이버 e스포츠 화면 예시\n\n- **상황**: 당신은 리그 오브 레전드(LoL) 경기를 좋아해서 네이버에서 e스포츠 소식을 찾아봐요.\n- **예시**: 화면을 보면 ‘리그 오브 레전드’ 대회 일정과 결과가 나와 있어요.  \n예를 들어 “어제 경기에서 T1팀이 2:1로 승리했다”라는 소식과 그 경기에서 활약한 선수 ‘룰러’의 사진과 뉴스 기사가 바로 보여요.  \n또, “박재혁 선수는 경기 중 부적절한 행동으로 벌금과 사회봉사를 받았다”는 실제 사건 뉴스도 볼 수 있죠.\n\n*즉, 네이버 e스포츠 페이지는 좋아하는 게임이나 선수의 최신 소식과 대회 정보를 한눈에 볼 수 있도록 만든 곳.*\n\n---\n\n### 2. 네이버 뉴스 화면 예시\n\n- **상황**: 아침에 출근하면서 오늘 주요 뉴스를 네이버에서 확인하고 싶어요.\n- **예시**: 이 화면에서는 정치, 경제, 사회 등 다양한 분야 뉴스를 한 곳에서 볼 수 있어요.  \n예를 들어, 미국과 이란 간 긴장 상황 뉴스, 국내 정치 이슈나 경제 동향 기사, 그리고 오늘 주목할 만한 사회 사건까지 제목과 간단한 내용이 나열되어 있죠.  \n한번에 여러 언론사의 기사를 비교할 수도 있고요.\n\n*즉, 네이버 뉴스 페이지는 하루 동안 꼭 알아야 하는 다양한 정보를 손쉽게 접할 수 있게 도와줘요.*\n\n---\n\n### 요약해서\n\n- e스포츠 화면은 게임 대회 소식과 선수 뉴스 같은 ‘특정 분야 전문 뉴스’  \n- 뉴스 화면은 정치, 사회, 경제 등 ‘일반 뉴스’  \n를 각각 한 눈에 볼 수 있게 정리해둔 페이지라고 생각하면 편해요.\n\n---\n\n이해가 쉬우셨나요? 필요하면 또 다른 예시도 들어드릴게요!','2026-06-18 01:44:33','Y','TEXT',NULL,NULL),(135,8,'USER','예시를 들어서 설명해줘','2026-06-18 01:44:54','Y','TEXT',NULL,NULL),(136,8,'ASSISTANT','네! 그럼 좀 더 친근한 예시를 들어서 다시 설명해볼게요.\n\n---\n\n### 예시: 쿠키 틀과 쿠키\n\n- **클래스 = 쿠키 틀(틀)**  \n  쿠키를 만들 때 사용하는 틀이라고 생각해요. 이 틀에는 쿠키의 모양(원형, 별 모양 등)을 정해놓죠.\n- **객체 = 실제로 찍어낸 쿠키**  \n  틀을 사용해서 실제 쿠키 반죽을 눌러 모양을 만들면, 이것이 \'객체\'입니다.\n\n틀은 하나인데, 이 틀로 작은 쿠키도 만들고, 큰 쿠키도 만들고, 여러 개를 만들 수 있잖아요? 이와 같아요!\n\n---\n\n### 자바 코드로 표현하면 이렇게 돼요!\n\n```java\n// 클래스 = 쿠키틀 설계도\nclass Cookie {\n    String shape;    // 모양\n    String flavor;   // 향, 맛\n\n    void showInfo() {\n        System.out.println(\"모양: \" + shape + \", 맛: \" + flavor + \" 쿠키입니다.\");\n    }\n}\n\npublic class CookieTest {\n    public static void main(String[] args) {\n        // 쿠키틀로부터 쿠키객체(실제 쿠키) 만들기\n        Cookie cookie1 = new Cookie();\n        cookie1.shape = \"별 모양\";\n        cookie1.flavor = \"초코\";\n\n        Cookie cookie2 = new Cookie();\n        cookie2.shape = \"하트 모양\";\n        cookie2.flavor = \"딸기\";\n\n        // 각각 쿠키 정보 보여주기\n        cookie1.showInfo();  // 모양: 별 모양, 맛: 초코 쿠키입니다.\n        cookie2.showInfo();  // 모양: 하트 모양, 맛: 딸기 쿠키입니다.\n    }\n}\n```\n\n- 여기서 `Cookie` 클래스가 **쿠키틀(설계도)**,\n- `cookie1`, `cookie2`가 각각 **실제 만들어진 쿠키 객체**예요.\n\n---\n\n이해하기 쉬웠나요?  \n더 궁금한 거 있으면 언제든 알려줘요!','2026-06-18 01:45:19','Y','TEXT',NULL,NULL),(137,12,'ASSISTANT','네, 다시 쉽고 구체적인 예시로 설명해볼게요!\n\n---\n\n### 1. 네이버 e스포츠 페이지 예시\n\n- **상황**: 당신이 ‘리그 오브 레전드’ 게임 팬이에요. 오늘 저녁에는 중요한 경기(예: T1 대 DRX)가 있어서 이 소식을 빠르게 알고 싶어요.  \n- **이용 방법**: 네이버 e스포츠 페이지에 들어가면 바로 ‘오늘 경기 일정’과 ‘실시간 경기 중계’ 버튼이 보여요.  \n- **예시 뉴스**: “룰러 선수, 오늘 경기에서 멋진 플레이로 팀 승리 이끌다” 또는 “박재혁 선수, 경기 중 부적절 행동으로 벌금 부과” 같은 최신 소식을 바로 확인할 수 있죠.\n\n이렇게 좋아하는 게임과 선수의 최신 정보, 실시간 경기 중계, 일정까지 한 번에 보는 화면이에요.\n\n---\n\n### 2. 네이버 뉴스 페이지 예시\n\n- **상황**: 아침에 출근하면서 오늘 일어난 국내외 중요 뉴스가 궁금해요. 예를 들어, 미국과 이란 간 갈등 상황이라든가, 국내 정치 이슈, 코로나19 최신 소식 등.  \n- **이용 방법**: 네이버 뉴스 페이지에 들어가면 정치, 경제, 사회, IT/과학 등 관심 분야별 뉴스 헤드라인을 쉽게 볼 수 있어요.  \n- **예시 제목**: “미국-이란 긴장 고조, 국제사회 우려”, “국내 경제 지표 호조, 전문가 분석은?”, “신종 코로나 확산 현황 업데이트” 이런 뉴스가 한눈에 보여요.\n\n여러 언론사가 제공하는 다양한 뉴스를 비교하면서 나에게 필요한 정보만 쏙쏙 골라 볼 수 있는 화면이에요.\n\n---\n\n### 정리하자면\n\n- e스포츠 페이지는 내가 좋아하는 게임 경기와 선수 소식만 집중적으로 보여줘서, 팬이라면 꼭 들어가는 ‘전문 뉴스’ 같은 곳이고,  \n- 뉴스 페이지는 사회 전반 다양한 이슈를 폭넓게 다루는 ‘종합 뉴스’ 페이지라고 생각하면 돼요.\n\n---\n\n이해하기 쉽도록 다시 한 번 궁금한 점 있으면 알려주세요!','2026-06-18 01:50:06','Y','TEXT',NULL,NULL),(138,13,'USER','월드컵 어떻게 생각해','2026-06-18 02:28:33','N','TEXT',NULL,NULL),(139,13,'ASSISTANT','? 핵심 요약\n- 네이버 최신 검색 결과에서 월드컵에 관한 현재 평이나 경기 결과 등 직접적인 정보는 확인되지 않습니다.\n\n? 검색 결과 기준\n- 월드컵과 관련된 구체적인 경기 결과나 평가는 검색 결과에서 발견되지 않았습니다.\n- 제공된 뉴스, 웹문서, 블로그 내용 모두 월드컵 평가나 의견과 직접 연결되지 않았습니다.\n\n? 자세한 설명\n- 월드컵은 전 세계적으로 큰 관심을 받는 축구 대회로, 많은 사람들이 축구의 축제이자 국가 간의 경쟁 무대로 생각합니다.\n- 활용할 최신 정보가 없으므로, 일반적으로 월드컵에 대한 긍정적인 평가(스포츠 문화 축제, 전 세계 축구 실력 비교 등)를 참고할 수 있습니다.\n\n✅ 결론\n- 검색 결과 기준으로는 월드컵에 대한 최신 평가나 구체적인 의견은 확인되지 않습니다.\n- 추가적인 최신 정보가 필요하면 다시 질문해 주세요.','2026-06-18 02:28:40','N','TEXT',NULL,NULL),(140,13,'USER','이미지를 보냈습니다.','2026-06-18 02:29:18','N','IMAGE','pasted-image-1781717355700-0.png','/uploads/94d0bf14-ac38-4321-a780-a72090a7d2f0_pasted-image-1781717355700-0.png'),(141,13,'ASSISTANT','이 이미지는 한국어 웹사이트 \'치치직\'에서 중계 중인 2026 FIFA 북중미 월드컵 K조 1차전 경기 영상을 캡처한 화면입니다. 다음과 같은 정보를 포함하고 있습니다.\n\n1. 경기 정보:\n   - 경기팀: 포르투갈 vs 콩고민주공화국\n   - 대회명: 2026 FIFA 북중미 월드컵\n   - 조별리그 K조 1차전 경기\n   - 현재 점수: 포르투갈 1 - 0 콩고민주공화국\n   - 경기 시간: 전반 27분 38초\n\n2. 경기 장면:\n   - 경기장은 관중석이 가득 찬 상태입니다.\n   - 포르투갈 선수들은 붉은색 유니폼, 콩고민주공화국 선수들은 파란색 유니폼을 착용 중입니다.\n   - 이미지에서 공격하는 포르투갈 팀 선수들이 상대 진영 골문 근처에 위치해 있으며, 콩고민주공화국은 수비 자세를 취하고 있습니다.\n   - 경기장 주변 광고판에 \'aramco\'와 \'GLOBAL ENERGY PARTNER\'라는 문구가 보입니다.\n\n3. 화면 구성:\n   - 상단에 경기 시간과 점수, 경기 상황이 실시간으로 표시됩니다.\n   - 좌측 상단에 사이트 메뉴가 보이고, 화면 중앙에는 경기 화면이 크게 표시됩니다.\n   - 화면 하단에는 경기 제목과 현재 시청자 수, 스트리밍 시간 등이 표시되고 있습니다.\n\n전체적으로 2026 FIFA 북중미 월드컵 조별리그 경기 중 하나의 화면을 실시간 중계하거나 다시보기로 보여주는 장면입니다.','2026-06-18 02:29:28','N','TEXT',NULL,NULL),(142,13,'USER','요세 멀하면좋지? 추천좀','2026-06-18 03:18:48','N','TEXT',NULL,NULL),(143,13,'ASSISTANT','요즘 뭘 하면 좋을지 고민되죠? 몇 가지 추천드려볼게요!\n\n1. **운동하기**\n간단한 산책, 요가, 홈트레이닝도 좋아요. 몸도 건강해지고 스트레스도 풀려요.\n\n2. **책 읽기**\n관심 있는 분야나 소설, 자기계발서 읽으면서 머리도 식히고 지식도 쌓아보세요.\n\n3. **취미 생활**\n그림 그리기, 악기 배우기, 요리, 사진 찍기 등 평소 해보고 싶었던 걸 시작해 보세요.\n\n4. **넷플릭스나 드라마 보기**\n재미있는 드라마나 다큐멘터리 보면서 여유 시간을 보내기 좋아요.\n\n5. **친구나 가족과 연락하기**\n오랜만에 전화하거나 만나서 수다 떠는 것도 기분 전환에 최고예요.\n\n원하는 스타일이나 관심사 알려주면 좀 더 맞춤 추천도 해줄게요!','2026-06-18 03:18:55','N','TEXT',NULL,NULL),(144,13,'USER','김해 내동에 한진아파트알아?','2026-06-18 03:19:08','N','TEXT',NULL,NULL),(145,13,'ASSISTANT','네, 김해 내동에 한진아파트가 있긴 해요. 김해 내동은 김해시 중심부에 가까운 지역이라 생활 편의시설이 꽤 잘 갖춰져 있거든요. 한진아파트도 그중 하나로 주거 지역으로 알려져 있어요. 다만 아파트 단지나 구체적인 정보(예: 평수, 관리 상태 등)는 직접 방문하거나 부동산 사이트에서 확인하는 게 가장 정확합니다. 도움이 필요하면 더 말씀해 주세요!','2026-06-18 03:19:13','N','TEXT',NULL,NULL),(146,13,'USER','그 앞 공원 유명한데 이름알아?','2026-06-18 03:19:28','N','TEXT',NULL,NULL),(147,13,'ASSISTANT','김해 내동 한진아파트 앞에 있는 유명한 공원이라면 ‘내동근린공원’일 가능성이 높아요. 내동근린공원은 산책하기 좋고 주민들이 자주 찾는 동네 공원 중 하나거든요. 다만 정확한 위치나 이름이 헷갈리면 현지 부동산이나 지도 앱에서 확인해보는 것도 좋아요!','2026-06-18 03:19:31','N','TEXT',NULL,NULL),(148,13,'USER','연지공원인데','2026-06-18 03:20:57','N','TEXT',NULL,NULL),(149,13,'ASSISTANT','아, 맞아요! 내동 한진아파트 앞에 있는 공원 이름이 ‘연지공원’이에요. 연지공원은 김해에서 꽤 유명한 공원 중 하나로, 연못과 산책로가 잘 마련돼 있어 지역 주민들이 많이 찾는 곳이죠. 좋은 공간 알려주셔서 고마워요! 혹시 연지공원 관련해서 더 궁금한 점 있으면 말해 주세요!','2026-06-18 03:21:02','N','TEXT',NULL,NULL),(150,13,'USER','NC 다이노스 홈구장 어딘지알아?','2026-06-18 03:21:24','N','TEXT',NULL,NULL),(151,13,'ASSISTANT','네! NC 다이노스의 홈구장은 경남 창원에 있는 ‘창원NC파크’예요. 예전에는 ‘마산야구장’이라고도 불렸는데, 새로 지어진 현대적인 구장이라 관중들도 편하게 야구 관람할 수 있답니다. 창원NC파크는 접근성도 좋아서 창원 지역 야구 팬들에게 인기가 많아요! 야구 보러 가실 계획이라면 좋은 선택이에요!','2026-06-18 03:21:28','N','TEXT',NULL,NULL),(152,13,'USER','주소부탁','2026-06-18 03:21:34','N','TEXT',NULL,NULL),(153,13,'ASSISTANT','창원NC파크 주소는\n경상남도 창원시 마산회원구 양덕동 398-7\n이에요.\n\n야구장 가실 때 참고하세요! 궁금한 점 더 있으면 언제든 물어보세요~','2026-06-18 03:21:37','N','TEXT',NULL,NULL),(154,14,'USER','김해 버스 알려 줘','2026-07-03 13:28:09','N','TEXT',NULL,NULL),(155,14,'ASSISTANT','김해 버스 정보를 말한 거죠? 김해에는 시내버스와 마을버스가 있는데요, 주요 노선들로는 김해시 중심지와 구석구석을 연결해 줘요.\n\n예를 들면,\n- 31번: 김해 시외버스터미널 ↔ 장유\n- 60번: 김해 시외버스터미널 ↔ 진영\n- 70번: 김해 시외버스터미널 ↔ 동김해\n\n정확한 노선이나 시간은 김해시 교통정보 사이트나 ‘부산/경남 버스’ 앱에서 확인하는 게 가장 좋아요. 어느 지역에서 어디 갈지 알려주면 더 자세히 알려줄 수도 있어요!','2026-07-03 13:28:15','N','TEXT',NULL,NULL),(156,14,'USER','김해 7번 버스 노선도 알려줘','2026-07-03 13:28:28','N','TEXT',NULL,NULL),(157,14,'ASSISTANT','김해 7번 버스는 김해 시내를 연결하는 중요한 노선 중 하나예요.\n\n주요 경로는 대략 이렇습니다:\n- 김해 시외버스터미널 → 내외동 → 주촌면 → 생림면 → 진영읍\n\n정확한 정류장 위치나 시간표는 김해시 대중교통 홈페이지나 ‘부산/경남 버스’ 앱에서 확인하는 걸 추천해요. 버스가 이동하는 경로가 길고 세부 정류장도 많아서, 앱으로 목적지 검색하면 가장 편리하답니다.\n\n필요하면 출발지와 도착지를 알려줘요, 좀 더 구체적으로 도와드릴게요!','2026-07-03 13:28:33','N','TEXT',NULL,NULL),(158,14,'USER','구체적으로 알려줘','2026-07-03 13:28:55','N','TEXT',NULL,NULL),(159,14,'ASSISTANT','김해 7번 버스 노선에 대해 좀 더 자세히 알려 드릴게요!\n\n김해 7번 버스는 김해 시외버스터미널을 출발해서 내외동, 주촌, 생림, 그리고 진영까지 연결하는 노선이에요. 주요 정류장은 다음과 같아요:\n\n1. 김해 시외버스터미널\n2. 김해 중앙시장\n3. 내외동 사거리\n4. 내외중학교\n5. 주촌면사무소 앞\n6. 주촌역 근처\n7. 생림초등학교\n8. 생림면사무소\n9. 진영읍사무소\n10. 진영중학교\n\n이 노선은 김해 중심부에서부터 주촌과 진영 지역까지 이동할 때 매우 편리합니다.\n\n시간표는 평일과 주말에 약간 차이가 있으니, 정확한 시간은 ‘부산/경남 버스’ 앱이나 김해시 대중교통 홈페이지에서 확인하는 게 좋아요.\n\n필요한 정류장이나 시간 구간이 더 있으면 말씀해 주세요!','2026-07-03 13:29:01','N','TEXT',NULL,NULL),(160,16,'USER','박효신노래추천좀부탁해','2026-07-03 17:41:39','N','TEXT',NULL,NULL),(161,16,'ASSISTANT','박효신 노래 중에서 감성 깊고 유명한 곡들 몇 곡 추천해줄게요!\n\n1. **눈의 꽃** - 드라마 ‘미안하다 사랑한다’ OST로 유명해요. 겨울 분위기에 딱 맞는 곡이에요.\n2. **야생화** - 그의 대표곡 중 하나로, 애절한 감성이 진하게 묻어나는 노래에요.\n3. **숨** - 부드럽고 잔잔한 멜로디가 매력적인 곡이에요.\n4. **Home** - 따뜻한 느낌이 가득한 발라드곡으로 마음이 편안해져요.\n5. **좋은 사람** - 사랑에 관한 진솔한 이야기를 담은 노래예요.\n\n이 곡들부터 들어보면 박효신 감성을 잘 느낄 수 있을 거예요! 궁금한 곡 있으면 더 알려줄게요.','2026-07-03 17:41:46','N','TEXT',NULL,NULL);
/*!40000 ALTER TABLE `chat_message` ENABLE KEYS */;
UNLOCK TABLES;

--
-- Table structure for table `chat_room`
--

DROP TABLE IF EXISTS `chat_room`;
/*!40101 SET @saved_cs_client     = @@character_set_client */;
/*!50503 SET character_set_client = utf8mb4 */;
CREATE TABLE `chat_room` (
  `id` bigint NOT NULL AUTO_INCREMENT,
  `member_id` bigint NOT NULL,
  `title` varchar(100) CHARACTER SET utf8mb4 COLLATE utf8mb4_unicode_ci NOT NULL,
  `created_at` datetime DEFAULT CURRENT_TIMESTAMP,
  `deleted_yn` char(1) CHARACTER SET utf8mb4 COLLATE utf8mb4_unicode_ci DEFAULT 'N',
  PRIMARY KEY (`id`)
) ENGINE=InnoDB AUTO_INCREMENT=17 DEFAULT CHARSET=utf8mb4 COLLATE=utf8mb4_unicode_ci;
/*!40101 SET character_set_client = @saved_cs_client */;

--
-- Dumping data for table `chat_room`
--

LOCK TABLES `chat_room` WRITE;
/*!40000 ALTER TABLE `chat_room` DISABLE KEYS */;
INSERT INTO `chat_room` VALUES (1,1,'기존 대화','2026-06-13 07:50:59','N'),(2,1,'북중미 월드컵','2026-06-15 06:24:19','Y'),(3,1,'북중미 월드컵','2026-06-15 06:24:41','Y'),(4,1,'북중미 월드컵','2026-06-15 06:24:52','Y'),(5,1,'북중미 월드컵','2026-06-15 06:30:29','N'),(6,2,'월드컵','2026-06-15 10:36:12','Y'),(7,2,'개발자영역','2026-06-15 10:36:26','Y'),(8,2,'개발자','2026-06-15 10:36:35','Y'),(9,5,'우리들의 대화','2026-06-16 21:46:48','N'),(10,2,'주제탐방','2026-06-17 21:01:34','Y'),(11,2,'야구','2026-06-17 21:08:47','Y'),(12,2,'정리중','2026-06-18 00:51:24','Y'),(13,2,'월드컵','2026-06-18 02:28:21','N'),(14,2,'김해버스','2026-07-03 13:27:49','N'),(15,4,'점심추천','2026-07-03 14:11:59','N'),(16,2,'노래 추천','2026-07-03 17:41:27','N');
/*!40000 ALTER TABLE `chat_room` ENABLE KEYS */;
UNLOCK TABLES;

--
-- Table structure for table `member`
--

DROP TABLE IF EXISTS `member`;
/*!40101 SET @saved_cs_client     = @@character_set_client */;
/*!50503 SET character_set_client = utf8mb4 */;
CREATE TABLE `member` (
  `id` bigint NOT NULL AUTO_INCREMENT,
  `login_id` varchar(50) CHARACTER SET utf8mb4 COLLATE utf8mb4_unicode_ci NOT NULL,
  `password` varchar(100) CHARACTER SET utf8mb4 COLLATE utf8mb4_unicode_ci NOT NULL,
  `nickname` varchar(50) CHARACTER SET utf8mb4 COLLATE utf8mb4_unicode_ci NOT NULL,
  `created_at` datetime DEFAULT CURRENT_TIMESTAMP,
  `birth_date` date DEFAULT NULL,
  `region` varchar(100) CHARACTER SET utf8mb4 COLLATE utf8mb4_unicode_ci DEFAULT NULL,
  PRIMARY KEY (`id`),
  UNIQUE KEY `login_id` (`login_id`)
) ENGINE=InnoDB AUTO_INCREMENT=6 DEFAULT CHARSET=utf8mb4 COLLATE=utf8mb4_unicode_ci;
/*!40101 SET character_set_client = @saved_cs_client */;

--
-- Dumping data for table `member`
--

LOCK TABLES `member` WRITE;
/*!40000 ALTER TABLE `member` DISABLE KEYS */;
INSERT INTO `member` VALUES (1,'test','1234','테스트','2026-06-11 08:45:09','1987-02-03','김해'),(2,'test1','1234','크루와상','2026-06-15 10:03:00','2003-06-18',NULL),(4,'test3','1234','와룰','2026-06-15 10:39:25','1997-06-27',NULL),(5,'test4','1234','소보로','2026-06-16 21:44:56','1994-02-16',NULL);
/*!40000 ALTER TABLE `member` ENABLE KEYS */;
UNLOCK TABLES;

--
-- Table structure for table `todo`
--

DROP TABLE IF EXISTS `todo`;
/*!40101 SET @saved_cs_client     = @@character_set_client */;
/*!50503 SET character_set_client = utf8mb4 */;
CREATE TABLE `todo` (
  `id` bigint NOT NULL AUTO_INCREMENT,
  `member_id` bigint NOT NULL,
  `content` varchar(255) CHARACTER SET utf8mb4 COLLATE utf8mb4_unicode_ci NOT NULL,
  `done` tinyint(1) DEFAULT '0',
  `created_at` datetime DEFAULT CURRENT_TIMESTAMP,
  `completed` tinyint(1) DEFAULT '0',
  `todo_date` date DEFAULT NULL,
  PRIMARY KEY (`id`)
) ENGINE=InnoDB AUTO_INCREMENT=18 DEFAULT CHARSET=utf8mb4 COLLATE=utf8mb4_unicode_ci;
/*!40101 SET character_set_client = @saved_cs_client */;

--
-- Dumping data for table `todo`
--

LOCK TABLES `todo` WRITE;
/*!40000 ALTER TABLE `todo` DISABLE KEYS */;
INSERT INTO `todo` VALUES (1,1,'오늘 사천가기',1,'2026-06-13 13:34:07',0,'2026-06-15'),(2,1,'오늘 장보러가기',1,'2026-06-15 05:29:07',0,'2026-06-15'),(3,1,'축구보기',1,'2026-06-15 06:46:19',0,'2026-06-16'),(4,2,'건강검진 결과지 받기',1,'2026-06-15 10:37:28',0,'2026-06-15'),(5,2,'당근거래',0,'2026-06-15 10:37:37',0,'2026-06-19'),(6,5,'위스퍼미 마무리작업',0,'2026-06-16 21:45:55',0,'2026-06-16'),(7,5,'이력서 넣기',0,'2026-06-16 21:46:10',0,'2026-07-01'),(8,5,'무슨일',0,'2026-06-16 21:46:20',0,'2026-06-14'),(12,2,'야구보기',1,'2026-06-18 02:42:05',0,'2026-06-18'),(13,2,'fdsa',1,'2026-06-18 02:43:24',0,'2026-06-18'),(14,2,'fdsa',1,'2026-06-18 02:44:52',0,'2026-06-18'),(15,2,'7시 마중',1,'2026-07-03 13:27:15',0,'2026-07-03'),(17,2,'산부인과 가기',0,'2026-07-03 17:40:38',0,'2026-07-04');
/*!40000 ALTER TABLE `todo` ENABLE KEYS */;
UNLOCK TABLES;
/*!40103 SET TIME_ZONE=@OLD_TIME_ZONE */;

/*!40101 SET SQL_MODE=@OLD_SQL_MODE */;
/*!40014 SET FOREIGN_KEY_CHECKS=@OLD_FOREIGN_KEY_CHECKS */;
/*!40014 SET UNIQUE_CHECKS=@OLD_UNIQUE_CHECKS */;
/*!40101 SET CHARACTER_SET_CLIENT=@OLD_CHARACTER_SET_CLIENT */;
/*!40101 SET CHARACTER_SET_RESULTS=@OLD_CHARACTER_SET_RESULTS */;
/*!40101 SET COLLATION_CONNECTION=@OLD_COLLATION_CONNECTION */;
/*!40111 SET SQL_NOTES=@OLD_SQL_NOTES */;

-- Dump completed on 2026-07-04  4:02:15
